gene_symbol	ensembl_gene_id	mapping_status	string_id	string_preferred_name	string_annotation
ACSL6	ENSG00000164398	mapped	9606.ENSP00000498260	ACSL6	Long-chain-fatty-acid--CoA ligase 6; Catalyzes the conversion of long-chain fatty acids to their active form acyl-CoA for both synthesis of cellular lipids, and degradation via beta-oxidation. Plays an important role in fatty acid metabolism in brain and the acyl- CoAs produced may be utilized exclusively for the synthesis of the brain lipid; Belongs to the ATP-dependent AMP-binding enzyme family.
AFF1	ENSG00000172493	mapped	9606.ENSP00000378578	AFF1	AF4/FMR2 family member 1.
AFF3	ENSG00000144218	mapped	9606.ENSP00000386834	AFF3	AF4/FMR2 family member 3; Putative transcription activator that may function in lymphoid development and oncogenesis. Binds, in vitro, to double- stranded DNA; Belongs to the AF4 family.
BRCA1	ENSG00000012048	mapped	9606.ENSP00000418960	BRCA1	Breast cancer type 1 susceptibility protein; E3 ubiquitin-protein ligase that specifically mediates the formation of 'Lys-6'-linked polyubiquitin chains and plays a central role in DNA repair by facilitating cellular responses to DNA damage. It is unclear whether it also mediates the formation of other types of polyubiquitin chains. The E3 ubiquitin-protein ligase activity is required for its tumor suppressor function. The BRCA1-BARD1 heterodimer coordinates a diverse range of cellular pathways such as DNA damage repair, ubiquitination and transcriptional regulation to maintain genomic [...] 
CAMTA1	ENSG00000171735	mapped	9606.ENSP00000306522	CAMTA1	Calmodulin-binding transcription activator 1; Transcriptional activator. May act as a tumor suppressor. Belongs to the CAMTA family.
CBFA2T3	ENSG00000129993	mapped	9606.ENSP00000268679	CBFA2T3	Protein CBFA2T3; Transcriptional corepressor which facilitates transcriptional repression via its association with DNA-binding transcription factors and recruitment of other corepressors and histone-modifying enzymes. Can repress the expression of MMP7 in a ZBTB33-dependent manner. Reduces the protein levels and stability of the transcriptinal regulator HIF1A; interacts with EGLN1 and promotes the HIF1A prolyl hydroxylation-dependent ubiquitination and proteasomal degradation pathway. Contributes to inhibition of glycolysis and stimulation of mitochondrial respiration by down-regulatin [...] 
CCND2	ENSG00000118971	mapped	9606.ENSP00000261254	CCND2	G1/S-specific cyclin-D2; Regulatory component of the cyclin D2-CDK4 (DC) complex that phosphorylates and inhibits members of the retinoblastoma (RB) protein family including RB1 and regulates the cell-cycle during G(1)/S transition. Phosphorylation of RB1 allows dissociation of the transcription factor E2F from the RB/E2F complex and the subsequent transcription of E2F target genes which are responsible for the progression through the G(1) phase. Hypophosphorylates RB1 in early G(1) phase. Cyclin D-CDK4 complexes are major integrators of various mitogenenic and antimitogenic signals. A [...] 
CDKN2A	ENSG00000147889	mapped	9606.ENSP00000418915	CDKN2A	Cyclin-dependent kinase inhibitor 2A; Acts as a negative regulator of the proliferation of normal cells by interacting strongly with CDK4 and CDK6. This inhibits their ability to interact with cyclins D and to phosphorylate the retinoblastoma protein; Belongs to the CDKN2 cyclin-dependent kinase inhibitor family.
CEBPA	ENSG00000245848	mapped	9606.ENSP00000427514	CEBPA	CCAAT/enhancer-binding protein alpha; Transcription factor that coordinates proliferation arrest and the differentiation of myeloid progenitors, adipocytes, hepatocytes, and cells of the lung and the placenta. Binds directly to the consensus DNA sequence 5'-T[TG]NNGNAA[TG]-3' acting as an activator on distinct target genes. During early embryogenesis, plays essential and redundant functions with CEBPB. Essential for the transition from common myeloid progenitors (CMP) to granulocyte/monocyte progenitors (GMP). Critical for the proper development of the liver and the lung (By similarity [...] 
CHD4	ENSG00000111642	mapped	9606.ENSP00000440542	CHD4	Chromodomain-helicase-DNA-binding protein 4; Component of the histone deacetylase NuRD complex which participates in the remodeling of chromatin by deacetylating histones. Belongs to the SNF2/RAD54 helicase family.
CIITA	ENSG00000179583	mapped	9606.ENSP00000485010	CIITA	MHC class II transactivator; Essential for transcriptional activity of the HLA class II promoter; activation is via the proximal promoter. No DNA binding of in vitro translated CIITA was detected. May act in a coactivator-like fashion through protein-protein interactions by contacting factors binding to the proximal MHC class II promoter, to elements of the transcription machinery, or both. Alternatively it may activate HLA class II transcription by modifying proteins that bind to the MHC class II promoter. Also mediates enhanced MHC class I transcription; the promoter element requirem [...] 
CRTC3	ENSG00000140577	mapped	9606.ENSP00000268184	CRTC3	CREB-regulated transcription coactivator 3; Transcriptional coactivator for CREB1 which activates transcription through both consensus and variant cAMP response element (CRE) sites. Acts as a coactivator, in the SIK/TORC signaling pathway, being active when dephosphorylated and acts independently of CREB1 'Ser-133' phosphorylation. Enhances the interaction of CREB1 with TAF4. Regulates the expression of specific CREB-activated genes such as the steroidogenic gene, StAR. Potent coactivator of PPARGC1A and inducer of mitochondrial biogenesis in muscle cells. Also coactivator for TAX acti [...] 
CTCF	ENSG00000102974	mapped	9606.ENSP00000494538	CTCF	Transcriptional repressor CTCF; Chromatin binding factor that binds to DNA sequence specific sites. Involved in transcriptional regulation by binding to chromatin insulators and preventing interaction between promoter and nearby enhancers and silencers. Acts as transcriptional repressor binding to promoters of vertebrate MYC gene and BAG1 gene. Also binds to the PLK and PIM1 promoters. Acts as a transcriptional activator of APP. Regulates APOA1/C3/A4/A5 gene cluster and controls MHC class II gene expression. Plays an essential role in oocyte and preimplantation embryo development by ac [...] 
DDX6	ENSG00000110367	mapped	9606.ENSP00000478754	DDX6	Probable ATP-dependent RNA helicase DDX6; In the process of mRNA degradation, plays a role in mRNA decapping. Blocks autophagy in nutrient-rich conditions by repressing the expression of ATG-related genes through degradation of their transcripts. Belongs to the DEAD box helicase family. DDX6/DHH1 subfamily.
EGFR	ENSG00000146648	mapped	9606.ENSP00000275493	EGFR	Epidermal growth factor receptor; Receptor tyrosine kinase binding ligands of the EGF family and activating several signaling cascades to convert extracellular cues into appropriate cellular responses. Known ligands include EGF, TGFA/TGF-alpha, AREG, epigen/EPGN, BTC/betacellulin, epiregulin/EREG and HBEGF/heparin- binding EGF. Ligand binding triggers receptor homo- and/or heterodimerization and autophosphorylation on key cytoplasmic residues. The phosphorylated receptor recruits adapter proteins like GRB2 which in turn activates complex downstream signaling cascades. Activates at leas [...] 
ELN	ENSG00000049540	mapped	9606.ENSP00000351807	ELN	Elastin; Major structural protein of tissues such as aorta and nuchal ligament, which must expand rapidly and recover completely. Molecular determinant of the late arterial morphogenesis, stabilizing arterial structure by regulating proliferation and organization of vascular smooth muscle (By similarity).
ETV4	ENSG00000175832	mapped	9606.ENSP00000321835	ETV4	ETS translocation variant 4; Transcriptional activator that binds to the enhancer of the adenovirus E1A gene; the core-binding sequence is 5'[AC]GGA[AT]GT-3'.
FLI1	ENSG00000151702	mapped	9606.ENSP00000433488	FLI1	Friend leukemia integration 1 transcription factor; Sequence-specific transcriptional activator. Recognizes the DNA sequence 5'- C[CA]GGAAGT-3'; Belongs to the ETS family.
FOXO1	ENSG00000150907	mapped	9606.ENSP00000368880	FOXO1	Forkhead box protein O1; Transcription factor that is the main target of insulin signaling and regulates metabolic homeostasis in response to oxidative stress. Binds to the insulin response element (IRE) with consensus sequence 5'-TT[G/A]TTTTG-3' and the related Daf-16 family binding element (DBE) with consensus sequence 5'-TT[G/A]TTTAC-3'. Activity suppressed by insulin. Main regulator of redox balance and osteoblast numbers and controls bone mass. Orchestrates the endocrine function of the skeleton in regulating glucose metabolism. Acts synergistically with ATF4 to suppress osteocalc [...] 
GNA11	ENSG00000088256	mapped	9606.ENSP00000078429	GNA11	Guanine nucleotide-binding protein subunit alpha-11; Guanine nucleotide-binding proteins (G proteins) are involved as modulators or transducers in various transmembrane signaling systems. Acts as an activator of phospholipase C.
GNAS	ENSG00000087460	mapped	9606.ENSP00000360141	GNAS	Guanine nucleotide-binding protein G(s) subunit alpha isoforms XLas; Guanine nucleotide-binding proteins (G proteins) function as transducers in numerous signaling pathways controlled by G protein- coupled receptors (GPCRs). Signaling involves the activation of adenylyl cyclases, resulting in increased levels of the signaling molecule cAMP. GNAS functions downstream of several GPCRs, including beta-adrenergic receptors. XLas isoforms interact with the same set of receptors as GNAS isoforms (By similarity).
GPC3	ENSG00000147257	mapped	9606.ENSP00000377836	GPC3	Glypican-3 alpha subunit; Cell surface proteoglycan that bears heparan sulfate. Negatively regulates the hedgehog signaling pathway when attached via the GPI-anchor to the cell surface by competing with the hedgehog receptor PTC1 for binding to hedgehog proteins (By similarity). Binding to the hedgehog protein SHH triggers internalization of the complex by endocytosis and its subsequent lysosomal degradation (By similarity). Positively regulates the canonical Wnt signaling pathway by binding to the Wnt receptor Frizzled and stimulating the binding of the Frizzled receptor to Wnt ligand [...] 
H3F3A	ENSG00000163041	mapped	9606.ENSP00000254810	H3-3B	Histone H3.3; Variant histone H3 which replaces conventional H3 in a wide range of nucleosomes in active genes. Constitutes the predominant form of histone H3 in non-dividing cells and is incorporated into chromatin independently of DNA synthesis. Deposited at sites of nucleosomal displacement throughout transcribed genes, suggesting that it represents an epigenetic imprint of transcriptionally active chromatin. Nucleosomes wrap and compact DNA into chromatin, limiting DNA accessibility to the cellular machineries which require DNA as a template. Histones thereby play a central role in [...] 
HIF1A	ENSG00000100644	mapped	9606.ENSP00000437955	HIF1A	Hypoxia-inducible factor 1-alpha; Functions as a master transcriptional regulator of the adaptive response to hypoxia. Under hypoxic conditions, activates the transcription of over 40 genes, including erythropoietin, glucose transporters, glycolytic enzymes, vascular endothelial growth factor, HILPDA, and other genes whose protein products increase oxygen delivery or facilitate metabolic adaptation to hypoxia. Plays an essential role in embryonic vascularization, tumor angiogenesis and pathophysiology of ischemic disease. Heterodimerizes with ARNT; heterodimer binds to core DNA sequenc [...] 
HLF	ENSG00000108924	mapped	9606.ENSP00000226067	HLF	Hepatic leukemia factor; HLF transcription factor, PAR bZIP family member; Belongs to the bZIP family. PAR subfamily.
HNF1A	ENSG00000135100	mapped	9606.ENSP00000438804	HNF1A	Hepatocyte nuclear factor 1-alpha; Transcriptional activator that regulates the tissue specific expression of multiple genes, especially in pancreatic islet cells and in liver (By similarity). Binds to the inverted palindrome 5'- GTTAATNATTAAC-3'. Activates the transcription of CYP1A2, CYP2E1 and CYP3A11 (By similarity).
HOXC11	ENSG00000123388	mapped	9606.ENSP00000446680	HOXC11	Homeobox protein Hox-C11; Sequence-specific transcription factor which is part of a developmental regulatory system that provides cells with specific positional identities on the anterior-posterior axis. Binds to a promoter element of the lactase-phlorizin hydrolase gene; Belongs to the Abd-B homeobox family.
HOXC13	ENSG00000123364	mapped	9606.ENSP00000243056	HOXC13	Homeobox protein Hox-C13; Transcription factor which plays a role in hair follicle differentiation. Regulates FOXQ1 expression and that of other hair- specific genes (By similarity); Belongs to the Abd-B homeobox family.
IL6ST	ENSG00000134352	mapped	9606.ENSP00000370698	IL6ST	Interleukin-6 receptor subunit beta; Signal-transducing molecule. The receptor systems for IL6, LIF, OSM, CNTF, IL11, CTF1 and BSF3 can utilize IL6ST for initiating signal transmission. Binding of IL6 to IL6R induces IL6ST homodimerization and formation of a high-affinity receptor complex, which activates Janus kinases. That causes phosphorylation of IL6ST tyrosine residues which in turn activates STAT3. Mediates signals which regulate immune response, hematopoiesis, pain control and bone metabolism (By similarity). Has a role in embryonic development (By similarity). Does not bind IL6 [...] 
KDR	ENSG00000128052	mapped	9606.ENSP00000263923	KDR	Vascular endothelial growth factor receptor 2; Tyrosine-protein kinase that acts as a cell-surface receptor for VEGFA, VEGFC and VEGFD. Plays an essential role in the regulation of angiogenesis, vascular development, vascular permeability, and embryonic hematopoiesis. Promotes proliferation, survival, migration and differentiation of endothelial cells. Promotes reorganization of the actin cytoskeleton. Isoforms lacking a transmembrane domain, such as isoform 2 and isoform 3, may function as decoy receptors for VEGFA, VEGFC and/or VEGFD. Isoform 2 plays an important role as negative reg [...] 
KDSR	ENSG00000119537	mapped	9606.ENSP00000494352	KDSR	3-ketodihydrosphingosine reductase; Catalyzes the reduction of 3-ketodihydrosphingosine (KDS) to dihydrosphingosine (DHS); Belongs to the short-chain dehydrogenases/reductases (SDR) family.
KMT2C	ENSG00000055609	mapped	9606.ENSP00000262189	KMT2C	Histone-lysine N-methyltransferase 2C; Histone methyltransferase that methylates 'Lys-4' of histone H3. H3 'Lys-4' methylation represents a specific tag for epigenetic transcriptional activation. Central component of the MLL2/3 complex, a coactivator complex of nuclear receptors, involved in transcriptional coactivation. KMT2C/MLL3 may be a catalytic subunit of this complex. May be involved in leukemogenesis and developmental disorder; Belongs to the class V-like SAM-binding methyltransferase superfamily. Histone-lysine methyltransferase family. TRX/MLL subfamily.
SPEN	ENSG00000065526	mapped	9606.ENSP00000364912	SPEN	Msx2-interacting protein; May serve as a nuclear matrix platform that organizes and integrates transcriptional responses. In osteoblasts, supports transcription activation: synergizes with RUNX2 to enhance FGFR2- mediated activation of the osteocalcin FGF-responsive element (OCFRE) (By similarity). Has also been shown to be an essential corepressor protein, which probably regulates different key pathways such as the Notch pathway. Negative regulator of the Notch pathway via its interaction with RBPSUH, which prevents the association between NOTCH1 and RBPSUH, and therefore suppresses t [...] 
KTN1	ENSG00000126777	mapped	9606.ENSP00000378725	KTN1	Kinectin; Receptor for kinesin thus involved in kinesin-driven vesicle motility. Accumulates in integrin-based adhesion complexes (IAC) upon integrin aggregation by fibronectin; Belongs to the kinectin family.
LEF1	ENSG00000138795	mapped	9606.ENSP00000265165	LEF1	Lymphoid enhancer-binding factor 1; Participates in the Wnt signaling pathway. Activates transcription of target genes in the presence of CTNNB1 and EP300. May play a role in hair cell differentiation and follicle morphogenesis. TLE1, TLE2, TLE3 and TLE4 repress transactivation mediated by LEF1 and CTNNB1. Regulates T-cell receptor alpha enhancer function. Binds DNA in a sequence-specific manner. PIAG antagonizes both Wnt-dependent and Wnt-independent activation by LEF1 (By similarity). Isoform 3 lacks the CTNNB1 interaction domain and may be an antagonist for Wnt signaling. Isoform 5  [...] 
LIFR	ENSG00000113594	mapped	9606.ENSP00000398368	LIFR	Leukemia inhibitory factor receptor; Signal-transducing molecule. May have a common pathway with IL6ST. The soluble form inhibits the biological activity of LIF by blocking its binding to receptors on target cells; Belongs to the type I cytokine receptor family. Type 2 subfamily.
LPP	ENSG00000145012	mapped	9606.ENSP00000491657	LPP	Lipoma-preferred partner; May play a structural role at sites of cell adhesion in maintaining cell shape and motility. In addition to these structural functions, it may also be implicated in signaling events and activation of gene transcription. May be involved in signal transduction from cell adhesion sites to the nucleus allowing successful integration of signals arising from soluble factors and cell-cell adhesion sites. Also suggested to serve as a scaffold protein upon which distinct protein complexes are assembled in the cytoplasm and in the nucleus.
LZTR1	ENSG00000099949	mapped	9606.ENSP00000496779	LZTR1	Leucine-zipper-like transcriptional regulator 1; Substrate-specific adapter of a BCR (BTB-CUL3-RBX1) E3 ubiquitin-protein ligase complex that mediates ubiquitination of Ras (K-Ras/KRAS, N-Ras/NRAS and H-Ras/HRAS). Is a negative regulator of RAS-MAPK signaling that acts by controlling Ras levels and decreasing Ras association with membranes ; Belongs to the LZTR1 family.
MAP2K1	ENSG00000169032	mapped	9606.ENSP00000302486	MAP2K1	Dual specificity mitogen-activated protein kinase kinase 1; Dual specificity protein kinase which acts as an essential component of the MAP kinase signal transduction pathway. Binding of extracellular ligands such as growth factors, cytokines and hormones to their cell-surface receptors activates RAS and this initiates RAF1 activation. RAF1 then further activates the dual-specificity protein kinases MAP2K1/MEK1 and MAP2K2/MEK2. Both MAP2K1/MEK1 and MAP2K2/MEK2 function specifically in the MAPK/ERK cascade, and catalyze the concomitant phosphorylation of a threonine and a tyrosine resid [...] 
MAP3K13	ENSG00000073803	mapped	9606.ENSP00000265026	MAP3K13	Mitogen-activated protein kinase kinase kinase 13; Activates the JUN N-terminal pathway through activation of the MAP kinase kinase MAP2K7. Acts synergistically with PRDX3 to regulate the activation of NF-kappa-B in the cytosol. This activation is kinase-dependent and involves activating the IKK complex, the IKBKB- containing complex that phosphorylates inhibitors of NF-kappa-B.
MDM2	ENSG00000135679	mapped	9606.ENSP00000258149	MDM2	E3 ubiquitin-protein ligase Mdm2; E3 ubiquitin-protein ligase that mediates ubiquitination of p53/TP53, leading to its degradation by the proteasome. Inhibits p53/TP53- and p73/TP73-mediated cell cycle arrest and apoptosis by binding its transcriptional activation domain. Also acts as a ubiquitin ligase E3 toward itself and ARRB1. Permits the nuclear export of p53/TP53. Promotes proteasome-dependent ubiquitin-independent degradation of retinoblastoma RB1 protein. Inhibits DAXX-mediated apoptosis by inducing its ubiquitination and degradation. Component of the TRIM28/KAP1-MDM2-p53/TP53  [...] 
MKL1	ENSG00000196588	mapped	9606.ENSP00000498671	MRTFA	Myocardin-related transcription factor A; Transcription coactivator that associates with the serum response factor (SRF) transcription factor to control expression of genes regulating the cytoskeleton during development, morphogenesis and cell migration. The SRF-MRTFA complex activity responds to Rho GTPase- induced changes in cellular globular actin (G-actin) concentration, thereby coupling cytoskeletal gene expression to cytoskeletal dynamics. MRTFA binds G-actin via its RPEL repeats, regulating activity of the MRTFA-SRF complex. Activity is also regulated by filamentous actin (F- ac [...] 
MSH2	ENSG00000095002	mapped	9606.ENSP00000233146	MSH2	DNA mismatch repair protein Msh2; Component of the post-replicative DNA mismatch repair system (MMR). Forms two different heterodimers: MutS alpha (MSH2-MSH6 heterodimer) and MutS beta (MSH2-MSH3 heterodimer) which binds to DNA mismatches thereby initiating DNA repair. When bound, heterodimers bend the DNA helix and shields approximately 20 base pairs. MutS alpha recognizes single base mismatches and dinucleotide insertion-deletion loops (IDL) in the DNA. MutS beta recognizes larger insertion-deletion loops up to 13 nucleotides long. After mismatch binding, MutS alpha or beta forms a t [...] 
MSH6	ENSG00000116062	mapped	9606.ENSP00000234420	MSH6	DNA mismatch repair protein Msh6; Component of the post-replicative DNA mismatch repair system (MMR). Heterodimerizes with MSH2 to form MutS alpha, which binds to DNA mismatches thereby initiating DNA repair. When bound, MutS alpha bends the DNA helix and shields approximately 20 base pairs, and recognizes single base mismatches and dinucleotide insertion-deletion loops (IDL) in the DNA. After mismatch binding, forms a ternary complex with the MutL alpha heterodimer, which is thought to be responsible for directing the downstream MMR events, including strand discrimination, excision, a [...] 
MTCP1	ENSG00000214827	mapped	9606.ENSP00000358488	MTCP1	Protein p13 MTCP-1; Enhances the phosphorylation and activation of AKT1 and AKT2. Belongs to the TCL1 family.
MYH11	ENSG00000133392	mapped	9606.ENSP00000379616	MYH11	Myosin-11; Muscle contraction; Belongs to the TRAFAC class myosin-kinesin ATPase superfamily. Myosin family.
NCKIPSD	ENSG00000213672	mapped	9606.ENSP00000294129	NCKIPSD	NCK-interacting protein with SH3 domain; Has an important role in stress fiber formation induced by active diaphanous protein homolog 1 (DRF1). Induces microspike formation, in vivo (By similarity). In vitro, stimulates N-WASP-induced ARP2/3 complex activation in the absence of CDC42 (By similarity). May play an important role in the maintenance of sarcomeres and/or in the assembly of myofibrils into sarcomeres. Implicated in regulation of actin polymerization and cell adhesion. Plays a role in angiogenesis.
NFIB	ENSG00000147862	mapped	9606.ENSP00000370340	NFIB	Nuclear factor 1 B-type; Transcriptional activator of GFAP, essential for proper brain development. Recognizes and binds the palindromic sequence 5'-TTGGCNNNNNGCCAA-3' present in viral and cellular promoters and in the origin of replication of adenovirus type 2. These proteins are individually capable of activating transcription and replication. Belongs to the CTF/NF-I family.
PDE4DIP	ENSG00000178104	mapped	9606.ENSP00000358363	PDE4DIP	Myomegalin; Functions as an anchor sequestering components of the cAMP- dependent pathway to Golgi and/or centrosomes (By similarity).
PIK3CA	ENSG00000121879	mapped	9606.ENSP00000263967	PIK3CA	Phosphatidylinositol 4,5-bisphosphate 3-kinase catalytic subunit alpha isoform; Phosphoinositide-3-kinase (PI3K) that phosphorylates PtdIns (Phosphatidylinositol), PtdIns4P (Phosphatidylinositol 4-phosphate) and PtdIns(4,5)P2 (Phosphatidylinositol 4,5-bisphosphate) to generate phosphatidylinositol 3,4,5-trisphosphate (PIP3). PIP3 plays a key role by recruiting PH domain-containing proteins to the membrane, including AKT1 and PDPK1, activating signaling cascades involved in cell growth, survival, proliferation, motility and morphology. Participates in cellular signaling in response to v [...] 
POT1	ENSG00000128513	mapped	9606.ENSP00000350249	POT1	Protection of telomeres protein 1; Component of the telomerase ribonucleoprotein (RNP) complex that is essential for the replication of chromosome termini. Is a component of the double-stranded telomeric DNA-binding TRF1 complex which is involved in the regulation of telomere length by cis- inhibition of telomerase. Also acts as a single-stranded telomeric DNA- binding protein and thus may act as a downstream effector of the TRF1 complex and may transduce information about telomere maintenance and/or length to the telomere terminus. Component of the shelterin complex (telosome) that is [...] 
PPFIBP1	ENSG00000110841	mapped	9606.ENSP00000314724	PPFIBP1	Liprin-beta-1; May regulate the disassembly of focal adhesions. Did not bind receptor-like tyrosine phosphatases type 2A. Belongs to the liprin family. Liprin-beta subfamily.
PPP6C	ENSG00000119414	mapped	9606.ENSP00000392147	PPP6C	Serine/threonine-protein phosphatase 6 catalytic subunit, N-terminally processed; Catalytic subunit of protein phosphatase 6 (PP6). PP6 is a component of a signaling pathway regulating cell cycle progression in response to IL2 receptor stimulation. N-terminal domain restricts G1 to S phase progression in cancer cells, in part through control of cyclin D1. During mitosis, regulates spindle positioning. Downregulates MAP3K7 kinase activation of the IL1 signaling pathway by dephosphorylation of MAP3K7. Participates also in the innate immune defense against viruses by desphosphorylating RI [...] 
PTPRB	ENSG00000127329	mapped	9606.ENSP00000334928	PTPRB	Receptor-type tyrosine-protein phosphatase beta; Plays an important role in blood vessel remodeling and angiogenesis. Not necessary for the initial formation of blood vessels, but is essential for their maintenance and remodeling. Can induce dephosphorylation of TEK/TIE2, CDH5/VE-cadherin and KDR/VEGFR-2. Regulates angiopoietin-TIE2 signaling in endothelial cells. Acts as a negative regulator of TIE2, and controls TIE2 driven endothelial cell proliferation, which in turn affects blood vessel remodeling during embryonic development and determines blood vessel size during perinatal growt [...] 
PTPRT	ENSG00000196090	mapped	9606.ENSP00000362294	PTPRT	Receptor-type tyrosine-protein phosphatase T; May be involved in both signal transduction and cellular adhesion in the CNS; Belongs to the protein-tyrosine phosphatase family. Receptor class 2B subfamily.
RAP1GDS1	ENSG00000138698	mapped	9606.ENSP00000340454	RAP1GDS1	Rap1 GTPase-GDP dissociation stimulator 1; Stimulates GDP/GTP exchange reaction of a group of small GTP- binding proteins (G proteins) including Rap1a/Rap1b, RhoA, RhoB and KRas, by stimulating the dissociation of GDP from and the subsequent binding of GTP to each small G protein.
RB1	ENSG00000139687	mapped	9606.ENSP00000267163	RB1	Retinoblastoma-associated protein; Key regulator of entry into cell division that acts as a tumor suppressor. Promotes G0-G1 transition when phosphorylated by CDK3/cyclin-C. Acts as a transcription repressor of E2F1 target genes. The underphosphorylated, active form of RB1 interacts with E2F1 and represses its transcription activity, leading to cell cycle arrest. Directly involved in heterochromatin formation by maintaining overall chromatin structure and, in particular, that of constitutive heterochromatin by stabilizing histone methylation. Recruits and targets histone methyltransfer [...] 
RECQL4	ENSG00000160957	mapped	9606.ENSP00000482313	RECQL4	ATP-dependent DNA helicase Q4; DNA-dependent ATPase. May modulate chromosome segregation. Belongs to the helicase family. RecQ subfamily.
RSPO2	ENSG00000147655	mapped	9606.ENSP00000276659	RSPO2	R-spondin-2; Activator of the canonical Wnt signaling pathway by acting as a ligand for LGR4-6 receptors. Upon binding to LGR4-6 (LGR4, LGR5 or LGR6), LGR4-6 associate with phosphorylated LRP6 and frizzled receptors that are activated by extracellular Wnt receptors, triggering the canonical Wnt signaling pathway to increase expression of target genes. Also regulates the canonical Wnt/beta-catenin-dependent pathway and non-canonical Wnt signaling by acting as an inhibitor of ZNRF3, an important regulator of the Wnt signaling pathway. During embryonic development, plays a crucial role in [...] 
RUNX1	ENSG00000159216	mapped	9606.ENSP00000300305	RUNX1	Runt-related transcription factor 1; Forms the heterodimeric complex core-binding factor (CBF) with CBFB. RUNX members modulate the transcription of their target genes through recognizing the core consensus binding sequence 5'- TGTGGT-3', or very rarely, 5'-TGCGGT-3', within their regulatory regions via their runt domain, while CBFB is a non-DNA-binding regulatory subunit that allosterically enhances the sequence-specific DNA-binding capacity of RUNX. The heterodimers bind to the core site of a number of enhancers and promoters, including murine leukemia virus, polyomavirus enhancer, T [...] 
STAG2	ENSG00000101972	mapped	9606.ENSP00000218089	STAG2	Cohesin subunit SA-2; Component of cohesin complex, a complex required for the cohesion of sister chromatids after DNA replication. The cohesin complex apparently forms a large proteinaceous ring within which sister chromatids can be trapped. At anaphase, the complex is cleaved and dissociates from chromatin, allowing sister chromatids to segregate. The cohesin complex may also play a role in spindle pole assembly during mitosis.
TAL1	ENSG00000162367	mapped	9606.ENSP00000294339	TAL1	T-cell acute lymphocytic leukemia protein 1; Implicated in the genesis of hemopoietic malignancies. It may play an important role in hemopoietic differentiation. Serves as a positive regulator of erythroid differentiation (By similarity).
TCEA1	ENSG00000187735	mapped	9606.ENSP00000428426	TCEA1	Transcription elongation factor A protein 1; Necessary for efficient RNA polymerase II transcription elongation past template-encoded arresting sites. The arresting sites in DNA have the property of trapping a certain fraction of elongating RNA polymerases that pass through, resulting in locked ternary complexes. Cleavage of the nascent transcript by S-II allows the resumption of elongation from the new 3'-terminus.
TCL1A	ENSG00000100721	mapped	9606.ENSP00000451506	TCL1A	T-cell leukemia/lymphoma protein 1A; Enhances the phosphorylation and activation of AKT1, AKT2 and AKT3. Promotes nuclear translocation of AKT1. Enhances cell proliferation, stabilizes mitochondrial membrane potential and promotes cell survival. Belongs to the TCL1 family.
TFEB	ENSG00000112561	mapped	9606.ENSP00000351742	TFEB	Transcription factor EB; Transcription factor that specifically recognizes and binds E-box sequences (5'-CANNTG-3'). Efficient DNA-binding requires dimerization with itself or with another MiT/TFE family member such as TFE3 or MITF. In association with TFE3, activates the expression of CD40L in T-cells, thereby playing a role in T-cell-dependent antibody responses in activated CD4(+) T-cells and thymus-dependent humoral immunity. Specifically recognizes and binds the CLEAR-box sequence (5'- GTCACGTGAC-3') present in the regulatory region of many lysosomal genes, leading to activate the [...] 
TSHR	ENSG00000165409	mapped	9606.ENSP00000441235	TSHR	Thyrotropin receptor; Receptor for the thyroid-stimulating hormone (TSH) or thyrotropin. Also acts as a receptor for the heterodimeric glycoprotein hormone (GPHA2:GPHB5) or thyrostimulin. The activity of this receptor is mediated by G proteins which activate adenylate cyclase. Plays a central role in controlling thyroid cell metabolism (By similarity); Belongs to the G-protein coupled receptor 1 family. FSH/LSH/TSH subfamily.
UBR5	ENSG00000104517	mapped	9606.ENSP00000429084	UBR5	E3 ubiquitin-protein ligase UBR5; E3 ubiquitin-protein ligase which is a component of the N-end rule pathway. Recognizes and binds to proteins bearing specific N- terminal residues that are destabilizing according to the N-end rule, leading to their ubiquitination and subsequent degradation (By similarity). Involved in maturation and/or transcriptional regulation of mRNA by activating CDK9 by polyubiquitination. May play a role in control of cell cycle progression. May have tumor suppressor function. Regulates DNA topoisomerase II binding protein (TopBP1) in the DNA damage response. Pl [...] 
VTI1A	ENSG00000151532	mapped	9606.ENSP00000376792	VTI1A	Vesicle transport through interaction with t-SNAREs homolog 1A; V-SNARE that mediates vesicle transport pathways through interactions with t-SNAREs on the target membrane. These interactions are proposed to mediate aspects of the specificity of vesicle trafficking and to promote fusion of the lipid bilayers. Involved in vesicular transport from the late endosomes to the trans-Golgi network. Along with VAMP7, involved in an non-conventional RAB1-dependent traffic route to the cell surface used by KCNIP1 and KCND2. May be involved in increased cytokine secretion associated with cellular  [...] 
WT1	ENSG00000184937	mapped	9606.ENSP00000368370	WT1	Wilms tumor protein; Transcription factor that plays an important role in cellular development and cell survival. Recognizes and binds to the DNA sequence 5'-GCG(T/G)GGGCG-3'. Regulates the expression of numerous target genes, including EPO. Plays an essential role for development of the urogenital system. It has a tumor suppressor as well as an oncogenic role in tumor formation. Function may be isoform-specific: isoforms lacking the KTS motif may act as transcription factors. Isoforms containing the KTS motif may bind mRNA and play a role in mRNA metabolism or splicing. Isoform 1 has  [...] 
XPC	ENSG00000154767	mapped	9606.ENSP00000285021	XPC	DNA repair protein complementing XP-C cells; Involved in global genome nucleotide excision repair (GG-NER) by acting as damage sensing and DNA-binding factor component of the XPC complex. Has only a low DNA repair activity by itself which is stimulated by RAD23B and RAD23A. Has a preference to bind DNA containing a short single-stranded segment but not to damaged oligonucleotides. This feature is proposed to be related to a dynamic sensor function: XPC can rapidly screen duplex DNA for non-hydrogen- bonded bases by forming a transient nucleoprotein intermediate complex which matures in [...] 
ZBTB16	ENSG00000109906	mapped	9606.ENSP00000338157	ZBTB16	Zinc finger and BTB domain-containing protein 16; Acts as a transcriptional repressor. May play a role in myeloid maturation and in the development and/or maintenance of other differentiated tissues. Probable substrate- recognition component of an E3 ubiquitin-protein ligase complex which mediates the ubiquitination and subsequent proteasomal degradation of target proteins ; Belongs to the krueppel C2H2-type zinc-finger protein family.
ZFHX3	ENSG00000140836	mapped	9606.ENSP00000493252	ZFHX3	Zinc finger homeobox protein 3; Transcriptional regulator which can act as an activator or a repressor. Inhibits the enhancer element of the AFP gene by binding to its AT-rich core sequence. In concert with SMAD-dependent TGF-beta signaling can repress the transcription of AFP via its interaction with SMAD2/3. Regulates the circadian locomotor rhythms via transcriptional activation of neuropeptidergic genes which are essential for intercellular synchrony and rhythm amplitude in the suprachiasmatic nucleus (SCN) of the brain (By similarity). Regulator of myoblasts differentiation throug [...] 
