gene_a	gene_b	combined_score	class_evidence_score	escore	dscore
A2M	MMP2	0.908	0.7643378519290929	0.548	0.5
ABCB1	IGKV2D-29	0.9	0.9	0.9	0
ABCC8	KCNJ11	0.999	0.9763503649635036	0.919	0.72
ACAN	HAPLN1	0.973	0.7	0	0.7
ACE2	DPP4	0.996	0.9	0	0.9
ACE2	IGHV3-43D	0.9	0.9	0.9	0
ACE2	IGLL5	0.8	0.8	0.8	0
ACE2	IL2	0.9	0.9	0.9	0
ACKR1	CXCL8	0.998	0.9261730969760167	0.292	0.9
ACKR3	CXCL12	0.999	0.9687174139728885	0.9	0.7
ACKR3	CXCR4	0.99	0.946089676746611	0.483	0.9
ACKR3	IGHV3-16	0.9	0.9	0.9	0
ACTB	CDC42	0.9	0.9	0	0.9
ACTB	HCLS1	0.905	0.9	0	0.9
ACTB	ITGB1	0.957	0.9	0	0.9
ACTB	ITGB3	0.901	0.9	0	0.9
ACTB	ITGB5	0.901	0.9	0	0.9
ACTB	MSN	0.956	0.9092805005213764	0.13	0.9
ACTB	PPARG	0.9	0.9	0	0.9
ACTB	SMARCA4	0.995	0.9802919708029197	0.946	0.65
ACVR1	BMPR1A	0.998	0.9499478623566215	0.52	0.9
ACVR1	BMPR1B	0.994	0.9	0	0.9
ACVR1	HJV	0.9	0.9	0	0.9
ACVR1	NEO1	0.9	0.9	0	0.9
ACVR1	RGMA	0.9	0.9	0	0.9
ACVR1	RGMB	0.926	0.9261730969760167	0.292	0.9
ADIPOQ	ADIPOR1	0.996	0.7	0	0.7
ADIPOQ	ADIPOR2	0.996	0.7	0	0.7
ADIPOR1	ADIPOR2	0.987	0.9	0	0.9
ADORA2A	ADORA2B	0.934	0.929301355578728	0.322	0.9
ADORA2A	GNAS	0.941	0.913	0.913	0
ADORA2A	GNB1	0.911	0.911	0.911	0
ADORA2A	GNG2	0.808	0.808	0.808	0
ADORA2A	IGHV3-16	0.8	0.8	0.8	0
ADORA2A	NTRK1	0.83	0.7	0	0.7
ADRA2A	GNB1	0.964	0.9640250260688217	0.931	0.5
ADRA2A	GNG2	0.922	0.921793534932221	0.85	0.5
ADRB1	ADRB2	0.951	0.9197080291970803	0.23	0.9
ADRB1	ADRB3	0.9	0.9	0	0.9
ADRB2	ADRB3	0.923	0.9	0	0.9
ADRB2	ARRB1	0.994	0.7	0	0.7
ADRB2	ARRB2	0.997	0.8464025026068822	0.509	0.7
ADRB2	CLTC	0.716	0.7168925964546402	0.457	0.5
ADRB2	GRK2	0.823	0.7168925964546402	0.457	0.5
ADRB2	GRK6	0.716	0.7168925964546402	0.457	0.5
AGER	HMGB1	0.995	0.764859228362878	0.549	0.5
AGT	AGTR1	0.999	0.9722627737226278	0.734	0.9
AGTR1	ARRB1	0.804	0.7168925964546402	0.457	0.5
AGTR1	ARRB2	0.797	0.7168925964546402	0.457	0.5
AHR	HSP90AA1	0.912	0.9034410844629823	0.537	0.8
AHR	HSP90AB1	0.983	0.9820646506777894	0.914	0.8
AKT1	HSP90AA1	0.997	0.8869655891553702	0.458	0.8
ALB	B2M	0.933	0.9	0.9	0
ALB	FAM20C	0.716	0.7168925964546402	0.457	0.5
ALB	IGHV3-16	0.9	0.9	0.9	0
ALK	GRB2	0.899	0.7168925964546402	0.457	0.5
ALK	SHC1	0.922	0.7168925964546402	0.457	0.5
ALPK1	TIFA	0.7	0.7	0	0.7
ANXA2	S100A4	0.997	0.9	0.9	0
ANXA2	TP53	0.961	0.937	0.937	0
APCS	FCGR2A	0.935	0.9	0.9	0
APOA1	APOB	0.997	0.9011470281543275	0.526	0.8
APOA1	APOC3	0.988	0.8075078206465068	0.077	0.8
APOA1	APOE	0.996	0.8	0	0.8
APOA1	APOH	0.782	0.7199999999999999	0	0.72
APOA1	APP	0.954	0.8414598540145986	0.457	0.72
APOA1	CD36	0.796	0.7	0	0.7
APOA1	CLU	0.994	0.7199999999999999	0	0.72
APOA1	MMP14	0.9	0.9	0.9	0
APOA1	PON1	0.993	0.7199999999999999	0	0.72
APOA1	SCARB1	0.995	0.7785192909280501	0.292	0.7
APOB	APOC3	0.983	0.7199999999999999	0	0.72
APOB	APOE	0.997	0.8794577685088634	0.422	0.8
APOB	APOH	0.839	0.7199999999999999	0	0.72
APOB	APP	0.72	0.7199999999999999	0	0.72
APOB	CD36	0.94	0.7785192909280501	0.292	0.7
APOB	CLU	0.72	0.7199999999999999	0	0.72
APOB	PON1	0.788	0.7199999999999999	0	0.72
APOB	SCARB1	0.971	0.7	0	0.7
APOC3	APOE	0.995	0.8	0	0.8
APOC3	APOH	0.857	0.7199999999999999	0	0.72
APOC3	APP	0.72	0.7199999999999999	0	0.72
APOC3	CLU	0.779	0.7199999999999999	0	0.72
APOC3	PON1	0.72	0.7199999999999999	0	0.72
APOE	APOH	0.775	0.7199999999999999	0	0.72
APOE	APP	0.995	0.8893430656934306	0.621	0.72
APOE	CLU	0.991	0.7199999999999999	0	0.72
APOE	HSPG2	0.928	0.8	0	0.8
APOE	LRP1	0.999	0.9529718456725755	0.549	0.9
APOE	LRP2	0.998	0.9261730969760167	0.292	0.9
APOE	PON1	0.867	0.7199999999999999	0	0.72
APOH	APP	0.72	0.7199999999999999	0	0.72
APOH	CLU	0.738	0.7199999999999999	0	0.72
APOH	PON1	0.72	0.7199999999999999	0	0.72
APP	CLU	0.972	0.8490510948905109	0.483	0.72
APP	GNB1	0.8	0.8	0.8	0
APP	GNG2	0.8	0.8	0.8	0
APP	IDE	0.959	0.949	0.949	0
APP	LCN2	0.749	0.749	0.749	0
APP	PON1	0.72	0.7199999999999999	0	0.72
AR	HSP90AA1	0.997	0.8877997914494266	0.462	0.8
AR	HSP90AB1	0.997	0.8877997914494266	0.462	0.8
AR	HSP90B1	0.801	0.8018769551616267	0.05	0.8
AR	KDM1A	0.987	0.7168925964546402	0.457	0.5
AR	NCOA2	0.993	0.9833159541188737	0.968	0.5
AR	NCOR1	0.924	0.7168925964546402	0.457	0.5
AR	NCOR2	0.827	0.7168925964546402	0.457	0.5
AR	RUNX2	0.807	0.7	0	0.7
ARRB1	ARRB2	0.968	0.9524504692387905	0.544	0.9
ARRB1	CCR5	0.874	0.7416058394160584	0.292	0.65
ARRB1	CLTC	0.818	0.8185610010427529	0.652	0.5
ARRB1	CXCR2	0.91	0.7416058394160584	0.292	0.65
ARRB1	GRK2	0.976	0.8867570385818561	0.457	0.8
ARRB1	GRK4	0.8	0.8	0	0.8
ARRB1	GRK6	0.8	0.8	0	0.8
ARRB1	IGHV3-16	0.9	0.9	0.9	0
ARRB1	OPRM1	0.942	0.9	0	0.9
ARRB2	CLTC	0.809	0.8091762252346194	0.634	0.5
ARRB2	GRK2	0.98	0.8867570385818561	0.457	0.8
ARRB2	GRK4	0.85	0.8	0	0.8
ARRB2	GRK6	0.8	0.8	0	0.8
ARRB2	MAPK1	0.846	0.7612095933263817	0.542	0.5
ARRB2	OPRM1	0.948	0.9	0	0.9
ATIC	GART	0.935	0.9191866527632951	0.225	0.9
B2M	CD1D	0.999	0.9966631908237747	0.968	0.9
B2M	CD247	0.935	0.8957247132429614	0.8	0.5
B2M	CD3E	0.895	0.8957247132429614	0.8	0.5
B2M	CD3G	0.895	0.8957247132429614	0.8	0.5
B2M	CD8A	0.985	0.9775808133472367	0.957	0.5
B2M	HFE	0.999	0.9897810218978103	0.965	0.72
B2M	HJV	0.72	0.7199999999999999	0	0.72
B2M	HLA-A	0.999	0.9969760166840459	0.971	0.9
B2M	HLA-B	0.999	0.9969760166840459	0.971	0.9
B2M	HLA-C	0.999	0.9969760166840459	0.971	0.9
B2M	HLA-DMA	0.72	0.7199999999999999	0	0.72
B2M	HLA-DMB	0.72	0.7199999999999999	0	0.72
B2M	HLA-DOA	0.72	0.7199999999999999	0	0.72
B2M	HLA-DOB	0.72	0.7199999999999999	0	0.72
B2M	HLA-DPA1	0.72	0.7199999999999999	0	0.72
B2M	HLA-DPB1	0.72	0.7199999999999999	0	0.72
B2M	HLA-DRA	0.737	0.7199999999999999	0	0.72
B2M	HLA-DRB1	0.72	0.7199999999999999	0	0.72
B2M	HLA-E	0.999	0.9969760166840459	0.971	0.9
B2M	IGHV3-16	0.9	0.9	0.9	0
B2M	IGHV3-43D	0.807	0.807	0.807	0
B2M	IGLL5	0.9	0.9	0.9	0
B2M	IL27RA	0.8	0.8	0.8	0
B2M	MR1	0.981	0.9812930135557872	0.961	0.54
B2M	TAP2	0.926	0.9261730969760167	0.292	0.9
B3GNT2	B3GNT4	0.9	0.9	0	0.9
BCL2A1	BID	0.964	0.963	0.963	0
BCL2L1	BECN1	0.996	0.733	0.733	0
BCL2L1	BID	0.983	0.9827945776850886	0.967	0.5
BCL2L1	TP53	0.999	0.955	0.955	0
BCL3	NFKB1	0.998	0.9433785192909281	0.457	0.9
BCL3	NFKB2	0.998	0.9433785192909281	0.457	0.9
BDKRB2	GNB1	0.9	0.9	0.9	0
BDKRB2	GNG2	0.8	0.8	0.8	0
BDKRB2	KNG1	0.998	0.9167883211678832	0.734	0.7
BECN1	BIRC2	0.734	0.734	0.734	0
BECN1	BIRC3	0.734	0.734	0.734	0
BECN1	TRAF2	0.734	0.734	0.734	0
BIRC2	BIRC3	0.996	0.9261730969760167	0.292	0.9
BIRC2	CD40	0.819	0.7395411887382691	0.457	0.54
BIRC2	HTRA2	0.887	0.7923044838373304	0.567	0.54
BIRC2	IKBKG	0.88	0.7168925964546402	0.457	0.5
BIRC2	RIPK1	0.997	0.8867570385818561	0.457	0.8
BIRC2	SHARPIN	0.967	0.9261730969760167	0.292	0.9
BIRC2	TNF	0.861	0.8613138686131387	0.734	0.5
BIRC2	TNFAIP3	0.716	0.7168925964546402	0.457	0.5
BIRC2	TNFRSF1A	0.995	0.8613138686131387	0.734	0.5
BIRC2	TRADD	0.998	0.9445255474452555	0.734	0.8
BIRC2	TRAF1	0.994	0.7168925964546402	0.457	0.5
BIRC2	TRAF2	0.999	0.956830031282586	0.586	0.9
BIRC2	TRAF3	0.995	0.7395411887382691	0.457	0.54
BIRC2	TRAF5	0.997	0.9	0	0.9
BIRC2	TRAF6	0.966	0.7395411887382691	0.457	0.54
BIRC3	IKBKB	0.789	0.7893639207507821	0.596	0.5
BIRC3	IKBKG	0.714	0.7148070907194995	0.453	0.5
BIRC3	LTBR	0.73	0.7309697601668405	0.484	0.5
BIRC3	RIPK1	0.997	0.8867570385818561	0.457	0.8
BIRC3	SHARPIN	0.926	0.9261730969760167	0.292	0.9
BIRC3	TNF	0.843	0.7168925964546402	0.457	0.5
BIRC3	TNFRSF1A	0.951	0.8613138686131387	0.734	0.5
BIRC3	TRADD	0.996	0.8	0	0.8
BIRC3	TRAF1	0.999	0.9812304483837331	0.964	0.5
BIRC3	TRAF2	0.999	0.9962460896767465	0.964	0.9
BIRC3	TRAF3	0.992	0.7168925964546402	0.457	0.5
BIRC3	TRAF5	0.996	0.9	0	0.9
BMP2	BMP4	0.968	0.9	0	0.9
BMP2	BMP6	0.9	0.9	0	0.9
BMP2	BMPR1A	0.999	0.9874869655891554	0.976	0.5
BMP2	BMPR1B	0.995	0.8435870698644421	0.7	0.5
BMP2	HJV	0.988	0.9883211678832117	0.96	0.72
BMP2	NOG	0.998	0.9671532846715328	0.937	0.5
BMP2	RGMA	0.946	0.946	0.946	0
BMP2	RGMB	0.982	0.964	0.964	0
BMP4	BMP6	0.929	0.9	0	0.9
BMP4	BMPR1A	0.995	0.708	0.708	0
BMP4	NOG	0.986	0.9	0	0.9
BMPR1A	BMPR1B	0.997	0.9261730969760167	0.292	0.9
BMPR1A	GDF5	0.911	0.741	0.741	0
BMPR1A	HJV	0.926	0.9	0	0.9
BMPR1A	IGLL5	0.9	0.9	0.9	0
BMPR1A	NEO1	0.943	0.9	0	0.9
BMPR1A	RGMA	0.9	0.9	0	0.9
BMPR1A	RGMB	0.926	0.9261730969760167	0.292	0.9
BMPR1B	GDF5	0.969	0.74	0.74	0
BMPR1B	HJV	0.907	0.9	0	0.9
BMPR1B	NEO1	0.902	0.9	0	0.9
BMPR1B	RGMA	0.9	0.9	0	0.9
BMPR1B	RGMB	0.926	0.9261730969760167	0.292	0.9
BTLA	PTPN11	0.988	0.7168925964546402	0.457	0.5
BTLA	TNFRSF14	0.999	0.9911366006256517	0.915	0.9
C1QA	C1QC	0.999	0.9958289885297185	0.96	0.9
C3	CFH	0.999	0.9874869655891554	0.96	0.7
C3	CFI	0.977	0.9726590198123044	0.943	0.54
C3	CR1	0.999	0.9849843587069864	0.952	0.7
C3	ITGAM	0.998	0.9922836287799791	0.926	0.9
C3	ITGB2	0.996	0.9261730969760167	0.292	0.9
C4A	C4B	0.998	0.9433785192909281	0.457	0.9
C4A	CR1	0.994	0.7	0	0.7
C4B	CR1	0.994	0.7	0	0.7
CA1	CA2	0.748	0.7	0	0.7
CALM3	CALML3	0.996	0.9	0	0.9
CALM3	CALML4	0.996	0.9	0	0.9
CALM3	CALML5	0.996	0.9	0	0.9
CALM3	CALML6	0.996	0.9	0	0.9
CALM3	CAV1	0.977	0.8	0	0.8
CALM3	CAV2	0.849	0.8	0	0.8
CALM3	ESR1	0.99	0.916	0.916	0
CALM3	HSP90AA1	0.992	0.8	0	0.8
CALM3	HSP90AB1	0.989	0.8	0	0.8
CALM3	HSP90B1	0.808	0.8	0	0.8
CALM3	KCNQ1	0.998	0.969	0.969	0
CALM3	MARCKS	0.998	0.9	0.9	0
CALM3	NOX5	0.843	0.749	0.749	0
CALM3	SNCA	0.991	0.903	0.903	0
CALML3	CALML4	0.961	0.9	0	0.9
CALML3	CALML5	0.961	0.9	0	0.9
CALML3	CALML6	0.961	0.9	0	0.9
CALML3	CAV1	0.989	0.8	0	0.8
CALML3	CAV2	0.887	0.8	0	0.8
CALML3	HSP90AA1	0.992	0.8	0	0.8
CALML3	HSP90AB1	0.989	0.8	0	0.8
CALML3	HSP90B1	0.808	0.8	0	0.8
CALML4	CALML5	0.961	0.9	0	0.9
CALML4	CALML6	0.961	0.9	0	0.9
CALML4	CAV1	0.989	0.8	0	0.8
CALML4	CAV2	0.888	0.8	0	0.8
CALML4	HSP90AA1	0.992	0.8	0	0.8
CALML4	HSP90AB1	0.989	0.8	0	0.8
CALML4	HSP90B1	0.808	0.8	0	0.8
CALML5	CALML6	0.961	0.9	0	0.9
CALML5	CAV1	0.989	0.8	0	0.8
CALML5	CAV2	0.888	0.8	0	0.8
CALML5	HSP90AA1	0.992	0.8	0	0.8
CALML5	HSP90AB1	0.989	0.8	0	0.8
CALML5	HSP90B1	0.808	0.8	0	0.8
CALML6	CAV1	0.989	0.8	0	0.8
CALML6	CAV2	0.888	0.8	0	0.8
CALML6	HSP90AA1	0.992	0.8	0	0.8
CALML6	HSP90AB1	0.989	0.8	0	0.8
CALML6	HSP90B1	0.808	0.8	0	0.8
CAMP	HLA-DRA	0.9	0.9	0.9	0
CAMP	HLA-DRB1	0.907	0.907	0.907	0
CASP8	FADD	0.999	0.9656934306569342	0.671	0.9
CASP8	FAS	0.999	0.9575599582898853	0.593	0.9
CASP8	FASLG	0.97	0.7877997914494265	0.593	0.5
CASP8	RIPK1	0.999	0.9545359749739312	0.564	0.9
CASP8	TNF	0.796	0.734	0.734	0
CASP8	TNFRSF10A	0.855	0.7877997914494265	0.593	0.5
CASP8	TNFRSF10B	0.97	0.7877997914494265	0.593	0.5
CASP8	TNFSF10	0.779	0.7794577685088634	0.577	0.5
CASP8	TRADD	0.999	0.9433785192909281	0.457	0.9
CASP8	TRAF2	0.969	0.7794577685088634	0.577	0.5
CAV1	CAV2	0.998	0.9433785192909281	0.457	0.9
CAV1	DNM2	0.935	0.8	0	0.8
CAV1	EGFR	0.996	0.9005213764337853	0.523	0.8
CAV1	ESR1	0.994	0.7168925964546402	0.457	0.5
CAV1	HSP90AA1	0.973	0.8523461939520335	0.292	0.8
CAV1	HSP90AB1	0.965	0.8	0	0.8
CAV1	HSP90B1	0.8	0.8	0	0.8
CAV1	RAC1	0.716	0.7168925964546402	0.457	0.5
CAV2	EGFR	0.918	0.9005213764337853	0.523	0.8
CAV2	HSP90AA1	0.8	0.8	0	0.8
CAV2	HSP90AB1	0.8	0.8	0	0.8
CAV2	HSP90B1	0.8	0.8	0	0.8
CBFB	CDK6	0.725	0.7	0	0.7
CBFB	RUNX1	0.999	0.997080291970803	0.972	0.9
CBFB	RUNX2	0.999	0.9969760166840459	0.971	0.9
CBFB	RUNX3	0.999	0.973096976016684	0.742	0.9
CBL	CDC42	0.803	0.7168925964546402	0.457	0.5
CBL	CSF1R	0.858	0.7168925964546402	0.457	0.5
CBL	EGFR	0.999	0.9557872784150157	0.788	0.8
CBL	FN1	0.9	0.9	0.9	0
CBL	FYN	0.976	0.7586027111574557	0.537	0.5
CBL	GRAP2	0.894	0.7116788321167883	0.447	0.5
CBL	GRB2	0.999	0.9629822732012513	0.645	0.9
CBL	HCK	0.787	0.7168925964546402	0.457	0.5
CBL	IGF1R	0.741	0.7416058394160584	0.292	0.65
CBL	INPPL1	0.896	0.8315954118873827	0.677	0.5
CBL	KIT	0.86	0.7168925964546402	0.457	0.5
CBL	LCK	0.854	0.7168925964546402	0.457	0.5
CBL	LYN	0.894	0.7168925964546402	0.457	0.5
CBL	MET	0.994	0.9742440041710114	0.753	0.9
CBL	PDGFRA	0.861	0.8018248175182483	0.457	0.65
CBL	PIK3CA	0.729	0.7299270072992701	0.482	0.5
CBL	PIK3CB	0.729	0.7299270072992701	0.482	0.5
CBL	PIK3R1	0.865	0.8315954118873827	0.677	0.5
CBL	PIK3R2	0.831	0.8315954118873827	0.677	0.5
CBL	PTPN11	0.745	0.7168925964546402	0.457	0.5
CBL	SH3GL2	0.925	0.8523461939520335	0.292	0.8
CBL	SHC1	0.963	0.8044838373305526	0.625	0.5
CBL	SRC	0.992	0.7789363920750783	0.576	0.5
CBL	SYK	0.957	0.8008342022940562	0.618	0.5
CBL	VAV1	0.978	0.9433785192909281	0.457	0.9
CBL	ZAP70	0.997	0.96	0.96	0
CCL1	CCR1	0.936	0.7397810218978103	0.287	0.65
CCL1	CCR8	0.999	0.9256517205422315	0.287	0.9
CCL1	CXCL11	0.734	0.734	0.734	0
CCL11	CCL13	0.738	0.734	0.734	0
CCL11	CCL14	0.734	0.734	0.734	0
CCL11	CCL18	0.736	0.734	0.734	0
CCL11	CCL2	0.904	0.734	0.734	0
CCL11	CCL26	0.747	0.734	0.734	0
CCL11	CCL27	0.734	0.734	0.734	0
CCL11	CCL28	0.734	0.734	0.734	0
CCL11	CCL5	0.734	0.734	0.734	0
CCL11	CCL8	0.885	0.734	0.734	0
CCL11	CCR3	0.999	0.9897810218978103	0.972	0.65
CCL11	CCR5	0.995	0.7397810218978103	0.287	0.65
CCL11	CXCL1	0.915	0.734	0.734	0
CCL11	CXCL10	0.747	0.734	0.734	0
CCL11	CXCL11	0.734	0.734	0.734	0
CCL11	CXCL12	0.754	0.734	0.734	0
CCL11	CXCL14	0.74	0.734	0.734	0
CCL11	CXCL2	0.734	0.734	0.734	0
CCL11	CXCL3	0.734	0.734	0.734	0
CCL11	CXCL5	0.78	0.734	0.734	0
CCL11	CXCL6	0.734	0.734	0.734	0
CCL11	CXCL9	0.828	0.734	0.734	0
CCL11	CXCR3	0.977	0.7397810218978103	0.287	0.65
CCL11	PF4	0.773	0.734	0.734	0
CCL11	PF4V1	0.734	0.734	0.734	0
CCL11	XCL1	0.734	0.734	0.734	0
CCL13	CCL21	0.734	0.734	0.734	0
CCL13	CCL24	0.734	0.734	0.734	0
CCL13	CCL26	0.734	0.734	0.734	0
CCL13	CCL28	0.734	0.734	0.734	0
CCL13	CCL5	0.743	0.734	0.734	0
CCL13	CCL8	0.859	0.734	0.734	0
CCL13	CCR2	0.995	0.7769551616266944	0.287	0.7
CCL13	CCR3	0.994	0.7	0	0.7
CCL13	CCR5	0.991	0.7397810218978103	0.287	0.65
CCL13	CXCL10	0.734	0.734	0.734	0
CCL13	CXCL11	0.734	0.734	0.734	0
CCL13	CXCL12	0.734	0.734	0.734	0
CCL13	CXCL14	0.734	0.734	0.734	0
CCL13	CXCL9	0.734	0.734	0.734	0
CCL13	CXCR3	0.824	0.7397810218978103	0.287	0.65
CCL13	PF4	0.734	0.734	0.734	0
CCL13	PPBP	0.734	0.734	0.734	0
CCL13	XCL1	0.734	0.734	0.734	0
CCL14	CCL22	0.734	0.734	0.734	0
CCL15	CCL2	0.785	0.734	0.734	0
CCL15	CCR1	0.999	0.9726277372262774	0.925	0.65
CCL15	CCR3	0.978	0.7397810218978103	0.287	0.65
CCL15	GNAI1	0.8	0.8	0.8	0
CCL15	GNB1	0.8	0.8	0.8	0
CCL15	GNG2	0.8	0.8	0.8	0
CCL16	CCL5	0.812	0.734	0.734	0
CCL16	CCR1	0.994	0.7397810218978103	0.287	0.65
CCL16	CCR2	0.98	0.7397810218978103	0.287	0.65
CCL16	CCR8	0.96	0.7397810218978103	0.287	0.65
CCL16	CXCR5	0.928	0.7397810218978103	0.287	0.65
CCL17	CCL21	0.792	0.734	0.734	0
CCL17	CCL22	0.932	0.9	0	0.9
CCL17	CCL25	0.793	0.734	0.734	0
CCL17	CCL26	0.827	0.734	0.734	0
CCL17	CCL28	0.734	0.734	0.734	0
CCL17	CCL5	0.981	0.9722627737226278	0.734	0.9
CCL17	CCR5	0.953	0.7525547445255474	0.322	0.65
CCL17	CCR8	0.994	0.7397810218978103	0.287	0.65
CCL17	CXCL14	0.734	0.734	0.734	0
CCL17	PF4	0.734	0.734	0.734	0
CCL19	CCL21	0.988	0.9	0	0.9
CCL19	CCR7	0.995	0.7769551616266944	0.287	0.7
CCL19	CCRL2	0.995	0.9	0	0.9
CCL19	PF4V1	0.734	0.734	0.734	0
CCL2	CCL26	0.808	0.734	0.734	0
CCL2	CCL4L2	0.782	0.734	0.734	0
CCL2	CCL5	0.96	0.734	0.734	0
CCL2	CCL8	0.962	0.734	0.734	0
CCL2	CCR1	0.995	0.7397810218978103	0.287	0.65
CCL2	CCR2	0.999	0.9791970802919708	0.943	0.65
CCL2	CCR3	0.996	0.7416058394160584	0.292	0.65
CCL2	CCR5	0.996	0.7397810218978103	0.287	0.65
CCL2	CXCL13	0.76	0.734	0.734	0
CCL2	CXCL8	0.734	0.734	0.734	0
CCL2	CXCL9	0.801	0.734	0.734	0
CCL2	GNAI1	0.8	0.8	0.8	0
CCL2	GNB1	0.8	0.8	0.8	0
CCL2	GNG2	0.8	0.8	0.8	0
CCL2	PF4	0.804	0.734	0.734	0
CCL20	CCL5	0.761	0.734	0.734	0
CCL20	CCR6	0.999	0.9895724713242962	0.9	0.9
CCL20	CXCL11	0.734	0.734	0.734	0
CCL20	CXCL12	0.827	0.734	0.734	0
CCL20	CXCL5	0.734	0.734	0.734	0
CCL20	GNB1	0.8	0.8	0.8	0
CCL20	GNG2	0.8	0.8	0.8	0
CCL20	PF4	0.74	0.734	0.734	0
CCL20	XCL2	0.734	0.734	0.734	0
CCL21	CCL23	0.734	0.734	0.734	0
CCL21	CCL24	0.812	0.734	0.734	0
CCL21	CCL26	0.772	0.734	0.734	0
CCL21	CCL28	0.734	0.734	0.734	0
CCL21	CCL5	0.81	0.734	0.734	0
CCL21	CCR7	0.996	0.8238790406673618	0.437	0.7
CCL21	CXCL10	0.817	0.734	0.734	0
CCL21	CXCL11	0.734	0.734	0.734	0
CCL21	CXCL12	0.923	0.734	0.734	0
CCL21	CXCL14	0.795	0.734	0.734	0
CCL21	CXCL2	0.734	0.734	0.734	0
CCL21	CXCL9	0.855	0.734	0.734	0
CCL21	PF4	0.734	0.734	0.734	0
CCL21	PF4V1	0.734	0.734	0.734	0
CCL21	PPBP	0.734	0.734	0.734	0
CCL21	XCL1	0.742	0.734	0.734	0
CCL21	XCL2	0.783	0.734	0.734	0
CCL22	CCL5	0.9	0.9	0	0.9
CCL22	PF4V1	0.734	0.734	0.734	0
CCL24	CCL5	0.734	0.734	0.734	0
CCL24	CXCL11	0.734	0.734	0.734	0
CCL24	XCL1	0.734	0.734	0.734	0
CCL25	CCL5	0.734	0.734	0.734	0
CCL25	CCR9	0.998	0.9	0	0.9
CCL25	CXCL11	0.734	0.734	0.734	0
CCL25	CXCL12	0.734	0.734	0.734	0
CCL25	PF4	0.734	0.734	0.734	0
CCL25	PF4V1	0.734	0.734	0.734	0
CCL26	CCL28	0.734	0.734	0.734	0
CCL26	CCL5	0.734	0.734	0.734	0
CCL26	CCL8	0.745	0.734	0.734	0
CCL26	CXCL10	0.777	0.734	0.734	0
CCL26	CXCL11	0.734	0.734	0.734	0
CCL26	CXCL12	0.734	0.734	0.734	0
CCL26	CXCL14	0.734	0.734	0.734	0
CCL26	CXCL9	0.734	0.734	0.734	0
CCL26	PF4	0.734	0.734	0.734	0
CCL26	PF4V1	0.734	0.734	0.734	0
CCL26	PPBP	0.734	0.734	0.734	0
CCL26	XCL1	0.734	0.734	0.734	0
CCL26	XCL2	0.734	0.734	0.734	0
CCL27	CCL28	0.9	0.9	0	0.9
CCL27	CCL5	0.734	0.734	0.734	0
CCL27	CCR10	0.994	0.7	0	0.7
CCL27	PF4V1	0.734	0.734	0.734	0
CCL28	CCL5	0.734	0.734	0.734	0
CCL28	CCR10	0.956	0.9	0	0.9
CCL28	CXCL10	0.734	0.734	0.734	0
CCL28	CXCL12	0.734	0.734	0.734	0
CCL28	CXCL13	0.734	0.734	0.734	0
CCL28	CXCL14	0.734	0.734	0.734	0
CCL28	CXCL2	0.734	0.734	0.734	0
CCL28	CXCL9	0.734	0.734	0.734	0
CCL28	PF4	0.734	0.734	0.734	0
CCL28	PF4V1	0.734	0.734	0.734	0
CCL28	PPBP	0.734	0.734	0.734	0
CCL28	XCL1	0.734	0.734	0.734	0
CCL28	XCL2	0.734	0.734	0.734	0
CCL3	CCL3L1	0.938	0.9	0	0.9
CCL3	CCR1	0.995	0.7397810218978103	0.287	0.65
CCL3	CCR3	0.995	0.7397810218978103	0.287	0.65
CCL3	CCR5	0.996	0.8018248175182483	0.457	0.65
CCL3	CXCR5	0.757	0.7397810218978103	0.287	0.65
CCL3	IDE	0.946	0.946	0.946	0
CCL3L1	CCR1	0.988	0.7416058394160584	0.292	0.65
CCL3L1	CCR3	0.986	0.7416058394160584	0.292	0.65
CCL3L1	CCR5	0.997	0.8018248175182483	0.457	0.65
CCL4	CCL4L2	0.909	0.9	0	0.9
CCL4	CCR1	0.995	0.7397810218978103	0.287	0.65
CCL4	CCR3	0.994	0.7397810218978103	0.287	0.65
CCL4	CCR5	0.998	0.9029197080291971	0.734	0.65
CCL4	CXCR5	0.74	0.7397810218978103	0.287	0.65
CCL4	IDE	0.926	0.926	0.926	0
CCL4L2	CXCL13	0.759	0.734	0.734	0
CCL4L2	PF4V1	0.734	0.734	0.734	0
CCL5	CCL8	0.734	0.734	0.734	0
CCL5	CCR1	0.997	0.8113138686131388	0.483	0.65
CCL5	CCR3	0.997	0.8018248175182483	0.457	0.65
CCL5	CCR5	0.999	0.9817518248175182	0.95	0.65
CCL5	CXCL10	0.748	0.734	0.734	0
CCL5	CXCL11	0.858	0.734	0.734	0
CCL5	CXCL12	0.764	0.734	0.734	0
CCL5	CXCL14	0.734	0.734	0.734	0
CCL5	CXCL2	0.764	0.734	0.734	0
CCL5	CXCL6	0.821	0.734	0.734	0
CCL5	CXCL9	0.882	0.734	0.734	0
CCL5	CXCR3	0.995	0.7397810218978103	0.287	0.65
CCL5	CXCR5	0.895	0.7397810218978103	0.287	0.65
CCL5	GNAI1	0.8	0.8	0.8	0
CCL5	GNB1	0.8	0.8	0.8	0
CCL5	GNGT1	0.8	0.8	0.8	0
CCL5	PF4	0.996	0.734	0.734	0
CCL5	PPBP	0.734	0.734	0.734	0
CCL5	XCL1	0.734	0.734	0.734	0
CCL5	XCL2	0.734	0.734	0.734	0
CCL7	CCR1	0.996	0.8018248175182483	0.457	0.65
CCL7	CCR2	0.995	0.7397810218978103	0.287	0.65
CCL7	CCR3	0.996	0.8018248175182483	0.457	0.65
CCL7	CCR5	0.993	0.7397810218978103	0.287	0.65
CCL7	CXCL6	0.734	0.734	0.734	0
CCL7	CXCR3	0.74	0.7397810218978103	0.287	0.65
CCL7	XCL2	0.734	0.734	0.734	0
CCL8	CCR1	0.995	0.7397810218978103	0.287	0.65
CCL8	CCR2	0.995	0.7397810218978103	0.287	0.65
CCL8	CCR5	0.995	0.7397810218978103	0.287	0.65
CCL8	CXCL10	0.747	0.734	0.734	0
CCL8	CXCL11	0.736	0.734	0.734	0
CCL8	CXCL2	0.734	0.734	0.734	0
CCL8	CXCL6	0.734	0.734	0.734	0
CCL8	CXCL8	0.734	0.734	0.734	0
CCL8	PPBP	0.8	0.734	0.734	0
CCL8	XCL2	0.734	0.734	0.734	0
CCND1	CDK6	0.999	0.972784150156413	0.739	0.9
CCND1	CREBBP	0.963	0.9261730969760167	0.292	0.9
CCR1	CCR3	0.997	0.9	0	0.9
CCR1	CCR5	0.998	0.9	0	0.9
CCR1	GNAI1	0.9	0.9	0.9	0
CCR1	GNB1	0.9	0.9	0.9	0
CCR1	GNG2	0.8	0.8	0.8	0
CCR2	DEFB103A	0.985	0.7	0	0.7
CCR2	DEFB4A	0.958	0.7	0	0.7
CCR2	GNAI1	0.9	0.9	0.9	0
CCR2	GNB1	0.9	0.9	0.9	0
CCR2	GNG2	0.8	0.8	0.8	0
CCR3	CCR5	0.997	0.9	0	0.9
CCR3	GNAI1	0.9	0.9	0.9	0
CCR3	GNB1	0.9	0.9	0.9	0
CCR3	GNG2	0.8	0.8	0.8	0
CCR5	CD4	0.999	0.935	0.935	0
CCR5	GNAI1	0.9	0.9	0.9	0
CCR5	GNB1	0.9	0.9	0.9	0
CCR5	GNG2	0.8	0.8	0.8	0
CCR5	GNGT1	0.8	0.8	0.8	0
CCR6	GNB1	0.8	0.8	0.8	0
CCR6	GNG2	0.8	0.8	0.8	0
CD14	HSPD1	0.755	0.7199999999999999	0	0.72
CD14	LY96	0.951	0.9	0	0.9
CD14	TLR2	0.916	0.8921793534932221	0.483	0.8
CD14	TLR4	0.989	0.9	0	0.9
CD14	TRIL	0.9	0.9	0	0.9
CD160	TNFSF14	0.9	0.9	0.9	0
CD180	LY86	0.999	0.9947862356621481	0.95	0.9
CD2	CD58	0.999	0.9956204379562044	0.958	0.9
CD244	CD48	0.999	0.9644421272158499	0.659	0.9
CD247	CD3E	0.999	0.9949947862356622	0.952	0.9
CD247	CD3G	0.999	0.9895724713242962	0.9	0.9
CD247	CD4	0.937	0.9	0	0.9
CD247	CD8A	0.954	0.9	0	0.9
CD247	FCGR1A	0.8	0.8	0	0.8
CD247	FCGR3A	0.997	0.9	0	0.9
CD247	FCGR3B	0.997	0.9	0	0.9
CD247	FYN	0.972	0.9479666319082377	0.501	0.9
CD247	HLA-A	0.903	0.8957247132429614	0.8	0.5
CD247	LCK	0.85	0.7194994786235662	0.462	0.5
CD247	PIK3R1	0.802	0.8023983315954119	0.621	0.5
CD247	SHC1	0.962	0.96	0.96	0
CD247	SYK	0.989	0.9063607924921793	0.102	0.9
CD247	ZAP70	0.999	0.9960375391032324	0.962	0.9
CD27	IGHV3-16	0.9	0.9	0.9	0
CD274	CD80	0.999	0.952	0.952	0
CD274	IGHV3-43D	0.9	0.9	0.9	0
CD28	CD80	0.999	0.9433785192909281	0.457	0.9
CD28	CD86	0.999	0.9529718456725755	0.549	0.9
CD28	GRAP2	0.925	0.8008342022940562	0.618	0.5
CD28	IGKV2D-29	0.9	0.9	0.9	0
CD28	PIK3R1	0.761	0.7610010427528676	0.618	0.4
CD3E	CD3G	0.999	0.9940563086548487	0.943	0.9
CD3E	CD4	0.9	0.9	0	0.9
CD3E	CD8A	0.9	0.9	0	0.9
CD3E	FYN	0.909	0.9	0	0.9
CD3E	HLA-A	0.915	0.9155370177267987	0.838	0.5
CD3E	LCK	0.753	0.7168925964546402	0.457	0.5
CD3E	SYK	0.996	0.9958289885297185	0.96	0.9
CD3E	ZAP70	0.966	0.9604796663190823	0.621	0.9
CD3G	CD4	0.964	0.9	0	0.9
CD3G	CD8A	0.915	0.9	0	0.9
CD3G	FCGR1A	0.8	0.8	0	0.8
CD3G	FCGR3A	0.8	0.8	0	0.8
CD3G	HLA-A	0.895	0.8957247132429614	0.8	0.5
CD3G	PIK3R1	0.737	0.737747653806048	0.497	0.5
CD3G	SYK	0.979	0.9791449426485923	0.8	0.9
CD3G	ZAP70	0.972	0.9604796663190823	0.621	0.9
CD4	CD5	0.958	0.909	0.909	0
CD4	CD8A	0.9	0.9	0	0.9
CD4	HLA-DMA	0.9	0.9	0	0.9
CD4	HLA-DMB	0.9	0.9	0	0.9
CD4	HLA-DOA	0.9	0.9	0	0.9
CD4	HLA-DOB	0.9	0.9	0	0.9
CD4	HLA-DPA1	0.9	0.9	0	0.9
CD4	HLA-DPB1	0.9	0.9	0	0.9
CD4	HLA-DQA1	0.911	0.9	0	0.9
CD4	HLA-DQA2	0.9	0.9	0	0.9
CD4	HLA-DRA	0.989	0.9895724713242962	0.9	0.9
CD4	HLA-DRB1	0.96	0.9478623566214807	0.9	0.5
CD4	HLA-DRB5	0.9	0.9	0	0.9
CD4	IGLL5	0.8	0.8	0.8	0
CD4	IL16	0.994	0.9	0	0.9
CD4	LCK	0.999	0.9940563086548487	0.943	0.9
CD4	SYK	0.926	0.9261730969760167	0.292	0.9
CD4	ZAP70	0.961	0.9261730969760167	0.292	0.9
CD40	CD40LG	0.999	0.9940563086548487	0.943	0.9
CD40	IGHV3-16	0.9	0.9	0.9	0
CD40	IGHV3-43D	0.9	0.9	0.9	0
CD40	TRAF2	0.967	0.9601668404588113	0.618	0.9
CD40	TRAF3	0.999	0.9958289885297185	0.96	0.9
CD40	TRAF5	0.919	0.7395411887382691	0.457	0.54
CD40	TRAF6	0.999	0.9601668404588113	0.618	0.9
CD44	CDC42	0.974	0.9127215849843587	0.163	0.9
CD44	ERBB2	0.998	0.9433785192909281	0.457	0.9
CD44	SPP1	0.998	0.9330552659019812	0.358	0.9
CD47	IGKV2D-28	0.9	0.9	0.9	0
CD5	IGHV3-43D	0.9	0.9	0.9	0
CD5	IGKV2D-28	0.9	0.9	0.9	0
CD5	IGLL5	0.859	0.859	0.859	0
CD80	CD86	0.998	0.9367049009384776	0.393	0.9
CD80	CTLA4	0.999	0.9874869655891554	0.96	0.7
CD86	CTLA4	0.999	0.9874869655891554	0.96	0.7
CD8A	HLA-A	0.998	0.9968717413972888	0.97	0.9
CD8A	HLA-B	0.958	0.946089676746611	0.483	0.9
CD8A	HLA-C	0.959	0.946089676746611	0.483	0.9
CD8A	HLA-E	0.994	0.927007299270073	0.3	0.9
CD8A	LCK	0.999	0.9895724713242962	0.9	0.9
CD8A	MR1	0.927	0.927	0.927	0
CD8A	SYK	0.9	0.9	0	0.9
CD8A	ZAP70	0.936	0.9	0	0.9
CDC42	PRKCZ	0.986	0.8	0	0.8
CDC42	PTEN	0.9	0.9	0	0.9
CDC42	RAC1	0.798	0.7387904066736183	0.165	0.7
CDC42	RAC2	0.923	0.9128258602711158	0.164	0.9
CDC42	RHOA	0.914	0.9129301355578728	0.165	0.9
CDK6	CDKN2A	0.999	0.9854014598540145	0.972	0.5
CDK6	CDKN2B	0.998	0.8613138686131387	0.734	0.5
CDK6	RUNX1	0.857	0.8579770594369134	0.546	0.7
CDKN2A	CDKN2B	0.941	0.9416058394160585	0.44	0.9
CDKN2A	TP53	0.731	0.7210636079249219	0.465	0.5
CEBPA	CEBPB	0.979	0.7395411887382691	0.457	0.54
CEBPA	SPI1	0.943	0.7168925964546402	0.457	0.5
CEBPB	RELA	0.813	0.7168925964546402	0.457	0.5
CEBPB	RUNX1	0.94	0.852	0.852	0
CEBPB	STAT3	0.943	0.7785192909280501	0.292	0.7
CFH	CFI	0.987	0.9808133472367049	0.96	0.54
CHD4	HDAC1	0.999	0.9638164754953076	0.653	0.9
CHD4	HDAC2	0.999	0.9656934306569342	0.671	0.9
CHUK	IKBKB	0.999	0.9722627737226278	0.734	0.9
CHUK	IKBKG	0.999	0.9722627737226278	0.734	0.9
CHUK	IRAK1	0.992	0.7168925964546402	0.457	0.5
CHUK	MAP3K7	0.885	0.7612095933263817	0.542	0.5
CHUK	NFKB2	0.716	0.7168925964546402	0.457	0.5
CHUK	RIPK1	0.981	0.7168925964546402	0.457	0.5
CHUK	TNF	0.861	0.8613138686131387	0.734	0.5
CHUK	TNFRSF1A	0.886	0.8613138686131387	0.734	0.5
CHUK	TRAF2	0.905	0.8354744525547445	0.657	0.54
CLEC3B	TNF	0.9	0.9	0.9	0
CLEC7A	SRC	0.8	0.8	0	0.8
CLEC7A	SYK	0.998	0.9261730969760167	0.292	0.9
CLU	PON1	0.984	0.7932846715328467	0.292	0.72
CNTF	CNTFR	0.999	0.967778936392075	0.691	0.9
CNTF	CSF3	0.9	0.9	0	0.9
CNTF	EPO	0.9	0.9	0	0.9
CNTF	GH2	0.9	0.9	0	0.9
CNTF	IL6ST	0.939	0.8388946819603753	0.691	0.5
CNTF	LEP	0.9	0.9	0	0.9
CNTF	LIFR	0.997	0.8388946819603753	0.691	0.5
CNTF	PRL	0.9	0.9	0	0.9
CNTFR	IL6R	0.879	0.7199999999999999	0	0.72
CNTFR	IL6ST	0.98	0.8523461939520335	0.292	0.8
CNTFR	LIFR	0.997	0.8867570385818561	0.457	0.8
COL1A1	COL1A2	0.998	0.9470281543274245	0.492	0.9
COL1A1	COL2A1	0.861	0.72992700729927	0.075	0.72
COL1A1	LUM	0.897	0.7199999999999999	0	0.72
COL1A2	COL2A1	0.876	0.7199999999999999	0	0.72
COL1A2	LUM	0.954	0.9	0	0.9
COL2A1	LUM	0.72	0.7199999999999999	0	0.72
CP	MPO	0.935	0.9	0.9	0
CREB1	CREBBP	0.999	0.9916579770594369	0.96	0.8
CREB1	CRTC2	0.999	0.9916579770594369	0.92	0.9
CREB1	EP300	0.998	0.8867570385818561	0.457	0.8
CREBBP	CRTC2	0.971	0.840667361835245	0.236	0.8
CREBBP	CTNNB1	0.994	0.7168925964546402	0.457	0.5
CREBBP	EP300	0.998	0.9433785192909281	0.457	0.9
CREBBP	ESR1	0.938	0.7168925964546402	0.457	0.5
CREBBP	FOXO1	0.965	0.9453597497393118	0.476	0.9
CREBBP	FOXO3	0.985	0.9796663190823774	0.961	0.5
CREBBP	HIF1A	0.999	0.9958289885297185	0.96	0.9
CREBBP	IRF7	0.895	0.786339937434828	0.317	0.7
CREBBP	KAT2B	0.997	0.9433785192909281	0.457	0.9
CREBBP	LEF1	0.927	0.9	0	0.9
CREBBP	NCOA1	0.999	0.9881126173096977	0.943	0.8
CREBBP	NCOA2	0.978	0.8867570385818561	0.457	0.8
CREBBP	PAX6	0.826	0.8118873826903025	0.098	0.8
CREBBP	PPARG	0.992	0.970281543274244	0.943	0.5
CREBBP	RBPJ	0.824	0.8	0	0.8
CREBBP	RELA	0.996	0.970281543274244	0.943	0.5
CREBBP	RUNX1	0.953	0.7168925964546402	0.457	0.5
CREBBP	RXRA	0.953	0.945985401459854	0.852	0.65
CREBBP	SP1	0.973	0.8867570385818561	0.457	0.8
CREBBP	STAT1	0.996	0.943	0.943	0
CREBBP	STAT2	0.987	0.943	0.943	0
CREBBP	TCF7L2	0.947	0.9	0	0.9
CREBBP	TP53	0.999	0.9874869655891554	0.96	0.7
CRTC2	EP300	0.898	0.8523461939520335	0.292	0.8
CSF1	CSF1R	0.999	0.9896767466110532	0.967	0.7
CSF1R	GRAP2	0.769	0.7627737226277372	0.545	0.5
CSF1R	GRB2	0.868	0.8018248175182483	0.457	0.65
CSF1R	PIK3R1	0.835	0.7612095933263817	0.542	0.5
CSF2	CSF2RB	0.999	0.9883211678832117	0.96	0.72
CSF2	IGHV3-43D	0.9	0.9	0.9	0
CSF2	IGLL5	0.9	0.9	0.9	0
CSF2	JAK2	0.752	0.7199999999999999	0	0.72
CSF2RB	IGHV3-43D	0.9	0.9	0.9	0
CSF2RB	IL3	0.997	0.9662148070907195	0.946	0.4
CSF2RB	IL3RA	0.996	0.9895724713242962	0.9	0.9
CSF2RB	IL5	0.947	0.7034410844629824	0.526	0.4
CSF2RB	IL5RA	0.953	0.8936392075078207	0.49	0.8
CSF2RB	JAK1	0.819	0.8018248175182483	0.457	0.65
CSF2RB	JAK2	0.968	0.9433785192909281	0.457	0.9
CSF2RB	PTPN11	0.716	0.7168925964546402	0.457	0.5
CSF2RB	PTPN6	0.716	0.7168925964546402	0.457	0.5
CSF3	CSF3R	0.999	0.9831074035453596	0.946	0.7
CSF3	EPO	0.929	0.9	0	0.9
CSF3	GH2	0.9	0.9	0	0.9
CSF3	LEP	0.9	0.9	0	0.9
CSF3	PRL	0.9	0.9	0	0.9
CSF3R	GRB2	0.716	0.7168925964546402	0.457	0.5
CSF3R	JAK1	0.898	0.8663190823774766	0.359	0.8
CSF3R	JAK2	0.942	0.819186652763295	0.133	0.8
CSF3R	JAK3	0.844	0.819186652763295	0.133	0.8
CSF3R	LYN	0.852	0.8523461939520335	0.292	0.8
CSF3R	SHC1	0.717	0.7168925964546402	0.457	0.5
CSK	PTPN22	0.997	0.9900938477580814	0.905	0.9
CSK	PXN	0.973	0.8867570385818561	0.457	0.8
CSK	SHC1	0.894	0.7992700729927007	0.615	0.5
CSK	SRC	0.995	0.9597497393117832	0.614	0.9
CTLA4	FYN	0.787	0.764859228362878	0.549	0.5
CTLA4	IGHV3-16	0.9	0.9	0.9	0
CTLA4	IGHV3-43D	0.901	0.9	0.9	0
CTLA4	LCN2	0.891	0.749	0.749	0
CTLA4	LOC102723407	0.901	0.9	0.9	0
CTLA4	PTPN6	0.936	0.9	0	0.9
CTNNB1	EP300	0.994	0.7168925964546402	0.457	0.5
CTNNB1	LDB1	0.9	0.9	0	0.9
CTNNB1	LEF1	0.999	0.9959332638164755	0.961	0.9
CTNNB1	MEN1	0.945	0.8867570385818561	0.457	0.8
CTNNB1	SMAD3	0.992	0.8867570385818561	0.457	0.8
CTNNB1	SMARCA4	0.994	0.7168925964546402	0.457	0.5
CTNNB1	TCF7L2	0.999	0.9969760166840459	0.971	0.9
CTNNB1	TLE1	0.926	0.9261730969760167	0.292	0.9
CTNNB1	TLE3	0.926	0.9261730969760167	0.292	0.9
CTNNB1	YWHAZ	0.98	0.8867570385818561	0.457	0.8
CTSB	CTSS	0.901	0.9018769551616267	0.059	0.9
CTSD	ENSP00000489910	0.9	0.9	0.9	0
CTSD	IDE	0.7	0.7	0	0.7
CX3CL1	CX3CR1	0.999	0.9601668404588113	0.618	0.9
CX3CL1	GNAI1	0.8	0.8	0.8	0
CX3CL1	GNB1	0.8	0.8	0.8	0
CX3CL1	GNG2	0.8	0.8	0.8	0
CX3CR1	GNAI1	0.9	0.9	0.9	0
CX3CR1	GNB1	0.9	0.9	0.9	0
CX3CR1	GNG2	0.8	0.8	0.8	0
CXCL1	CXCL2	0.983	0.959332638164755	0.61	0.9
CXCL1	CXCL3	0.986	0.959332638164755	0.61	0.9
CXCL1	CXCL5	0.949	0.8335766423357664	0.734	0.4
CXCL1	CXCL6	0.888	0.8335766423357664	0.734	0.4
CXCL1	CXCR1	0.995	0.7397810218978103	0.287	0.65
CXCL1	CXCR2	0.995	0.7397810218978103	0.287	0.65
CXCL10	CXCL11	0.974	0.9722627737226278	0.734	0.9
CXCL10	CXCL12	0.744	0.734	0.734	0
CXCL10	CXCL13	0.977	0.9	0	0.9
CXCL10	CXCL14	0.734	0.734	0.734	0
CXCL10	CXCL6	0.778	0.734	0.734	0
CXCL10	CXCL9	0.981	0.9722627737226278	0.734	0.9
CXCL10	CXCR3	0.996	0.8018248175182483	0.457	0.65
CXCL10	PF4	0.972	0.9722627737226278	0.734	0.9
CXCL10	PF4V1	0.972	0.9722627737226278	0.734	0.9
CXCL10	PPBP	0.834	0.734	0.734	0
CXCL10	XCL1	0.734	0.734	0.734	0
CXCL11	CXCL12	0.744	0.734	0.734	0
CXCL11	CXCL13	0.942	0.9	0	0.9
CXCL11	CXCL14	0.734	0.734	0.734	0
CXCL11	CXCL2	0.734	0.734	0.734	0
CXCL11	CXCL9	0.972	0.9722627737226278	0.734	0.9
CXCL11	CXCR3	0.996	0.8018248175182483	0.457	0.65
CXCL11	PF4	0.987	0.9722627737226278	0.734	0.9
CXCL11	PF4V1	0.972	0.9722627737226278	0.734	0.9
CXCL11	PPBP	0.734	0.734	0.734	0
CXCL11	XCL1	0.734	0.734	0.734	0
CXCL12	CXCL14	0.734	0.734	0.734	0
CXCL12	CXCL2	0.847	0.734	0.734	0
CXCL12	CXCL6	0.734	0.734	0.734	0
CXCL12	CXCL9	0.924	0.734	0.734	0
CXCL12	CXCR4	0.999	0.9601668404588113	0.618	0.9
CXCL12	IGHV3-16	0.9	0.9	0.9	0
CXCL12	PF4	0.949	0.734	0.734	0
CXCL12	PF4V1	0.734	0.734	0.734	0
CXCL12	PPBP	0.93	0.734	0.734	0
CXCL12	XCL1	0.734	0.734	0.734	0
CXCL12	XCL2	0.734	0.734	0.734	0
CXCL13	CXCL9	0.973	0.9	0	0.9
CXCL13	CXCR3	0.973	0.7416058394160584	0.292	0.65
CXCL13	CXCR5	0.998	0.9	0	0.9
CXCL13	PF4	0.9	0.9	0	0.9
CXCL13	PF4V1	0.972	0.9722627737226278	0.734	0.9
CXCL14	CXCL2	0.734	0.734	0.734	0
CXCL14	CXCL5	0.734	0.734	0.734	0
CXCL14	CXCL9	0.734	0.734	0.734	0
CXCL14	CXCR4	0.968	0.7416058394160584	0.292	0.65
CXCL14	PF4	0.734	0.734	0.734	0
CXCL14	PPBP	0.734	0.734	0.734	0
CXCL14	XCL1	0.734	0.734	0.734	0
CXCL16	CXCR6	0.998	0.9	0	0.9
CXCL2	CXCL3	0.98	0.959332638164755	0.61	0.9
CXCL2	CXCL5	0.877	0.8335766423357664	0.734	0.4
CXCL2	CXCL6	0.87	0.8335766423357664	0.734	0.4
CXCL2	CXCL9	0.734	0.734	0.734	0
CXCL2	CXCR2	0.995	0.7397810218978103	0.287	0.65
CXCL2	PF4	0.833	0.8335766423357664	0.734	0.4
CXCL2	XCL1	0.734	0.734	0.734	0
CXCL2	XCL2	0.734	0.734	0.734	0
CXCL3	CXCL5	0.95	0.8335766423357664	0.734	0.4
CXCL3	CXCL6	0.847	0.8335766423357664	0.734	0.4
CXCL3	CXCR2	0.995	0.7397810218978103	0.287	0.65
CXCL3	XCL2	0.734	0.734	0.734	0
CXCL5	CXCL6	0.9	0.9	0	0.9
CXCL5	CXCR1	0.994	0.7397810218978103	0.287	0.65
CXCL5	CXCR2	0.995	0.7397810218978103	0.287	0.65
CXCL5	XCL2	0.734	0.734	0.734	0
CXCL6	CXCR1	0.994	0.7	0	0.7
CXCL6	PF4	0.833	0.8335766423357664	0.734	0.4
CXCL6	PPBP	0.833	0.8335766423357664	0.734	0.4
CXCL8	CXCR1	0.999	0.9831074035453596	0.946	0.7
CXCL8	CXCR2	0.999	0.9897810218978103	0.972	0.65
CXCL8	GNAI1	0.8	0.8	0.8	0
CXCL8	GNB1	0.8	0.8	0.8	0
CXCL8	GNG2	0.8	0.8	0.8	0
CXCL8	PF4	0.969	0.8335766423357664	0.734	0.4
CXCL9	CXCR3	0.996	0.8018248175182483	0.457	0.65
CXCL9	PF4	0.972	0.9722627737226278	0.734	0.9
CXCL9	PF4V1	0.9	0.9	0	0.9
CXCL9	PPBP	0.734	0.734	0.734	0
CXCL9	XCL1	0.734	0.734	0.734	0
CXCR1	CXCR2	0.997	0.9	0	0.9
CXCR1	PPBP	0.993	0.7397810218978103	0.287	0.65
CXCR2	GNAI1	0.9	0.9	0.9	0
CXCR2	GNB1	0.8	0.8	0.8	0
CXCR2	GNG2	0.8	0.8	0.8	0
CXCR2	PPBP	0.995	0.7397810218978103	0.287	0.65
CXCR3	PF4	0.995	0.7416058394160584	0.292	0.65
CXCR4	GNAI1	0.929	0.929301355578728	0.322	0.9
CYBA	CYBB	0.999	0.9913451511991658	0.917	0.9
CYBA	IGHV3-43D	0.8	0.8	0.8	0
CYBA	NCF1	0.999	0.9503649635036496	0.524	0.9
CYBA	NCF2	0.999	0.9261730969760167	0.292	0.9
CYBA	NCF4	0.998	0.9203336809176226	0.236	0.9
CYBA	NOX1	0.998	0.9	0	0.9
CYBA	NOX3	0.994	0.8	0	0.8
CYBA	NOX4	0.996	0.8	0	0.8
CYBA	NOXA1	0.997	0.8	0	0.8
CYBA	NOXO1	0.997	0.8867570385818561	0.457	0.8
CYBA	RAC2	0.996	0.8	0	0.8
CYBB	IGHV3-43D	0.8	0.8	0.8	0
CYBB	NCF1	0.996	0.8	0	0.8
CYBB	NCF2	0.997	0.8523461939520335	0.292	0.8
CYBB	NCF4	0.996	0.8	0	0.8
CYBB	NOX1	0.998	0.9	0	0.9
CYBB	NOX4	0.998	0.9	0	0.9
CYBB	NOXA1	0.919	0.7199999999999999	0	0.72
CYBB	NOXO1	0.947	0.7199999999999999	0	0.72
CYBB	RAC2	0.996	0.8302398331595412	0.186	0.8
CYP11B1	CYP11B2	0.9	0.9	0	0.9
CYP1A1	CYP1A2	0.934	0.9	0	0.9
CYP1A1	CYP1B1	0.904	0.9	0	0.9
CYP1A1	CYP2E1	0.9	0.9	0	0.9
CYP1A2	CYP1B1	0.906	0.9	0	0.9
CYP1A2	CYP2E1	0.966	0.9	0	0.9
CYP1A2	CYP3A4	0.9	0.9	0	0.9
CYP2C19	CYP2C8	0.927	0.9	0	0.9
CYP2C19	CYP2C9	0.967	0.964650677789364	0.661	0.9
CYP2C8	CYP2C9	0.9	0.9	0	0.9
CYP2E1	CYP3A4	0.976	0.9	0	0.9
CYP3A4	CYP3A5	0.935	0.935140771637122	0.378	0.9
CYP3A5	CYP3A7	0.95	0.9506777893639208	0.527	0.9
CYP3A5	ENSP00000480571	0.9	0.9	0	0.9
CYP3A7	ENSP00000480571	0.9	0.9	0	0.9
DCN	EGFR	0.998	0.9433785192909281	0.457	0.9
DCN	ERBB2	0.938	0.9	0	0.9
DCN	IGF1	0.969	0.9005213764337853	0.046	0.9
DCN	MET	0.976	0.9261730969760167	0.292	0.9
DCN	TGFB1	0.993	0.7168925964546402	0.457	0.5
DCN	TLR2	0.989	0.9	0	0.9
DCN	TLR4	0.985	0.9	0	0.9
DDIT4	YWHAZ	0.716	0.7168925964546402	0.457	0.5
DEFB103A	DEFB4A	0.909	0.9	0	0.9
DEFB4A	DEFB4B	0.9	0.9	0.9	0
DHFR	DHFR2	0.903	0.9037539103232535	0.077	0.9
DNM2	SH3GL2	0.918	0.9061522419186653	0.55	0.8
DNMT1	DNMT3B	0.998	0.9488008342022941	0.509	0.9
DNMT1	EZH2	0.995	0.7168925964546402	0.457	0.5
DNMT1	HDAC1	0.998	0.9011470281543275	0.526	0.8
DNMT1	HDAC2	0.997	0.8867570385818561	0.457	0.8
DNMT3B	EZH2	0.995	0.7440041710114703	0.509	0.5
DNMT3B	HDAC1	0.997	0.8867570385818561	0.457	0.8
DNMT3B	HDAC2	0.984	0.8867570385818561	0.457	0.8
DUOX1	DUOX2	0.957	0.9	0	0.9
EBI3	IGHV3-16	0.8	0.8	0.8	0
EBI3	IGHV3-43D	0.8	0.8	0.8	0
EBI3	IL12A	0.963	0.9261730969760167	0.292	0.9
EBI3	IL27	0.999	0.9940563086548487	0.943	0.9
EBI3	IL27RA	0.963	0.9614181438998958	0.926	0.5
EBI3	IL6ST	0.949	0.9478623566214807	0.9	0.5
EGF	EGFR	0.999	0.997080291970803	0.972	0.9
EGF	IGF1	0.956	0.9	0	0.9
EGF	INS	0.9	0.9	0	0.9
EGF	PDGFA	0.9	0.9	0	0.9
EGF	PDGFB	0.9	0.9	0	0.9
EGF	TGFA	0.998	0.9	0	0.9
EGFR	ERBB2	0.999	0.9962460896767465	0.964	0.9
EGFR	GRB2	0.999	0.9723670490093848	0.735	0.9
EGFR	HSP90AA1	0.993	0.7513034410844629	0.523	0.5
EGFR	IGHV3-16	0.9	0.9	0.9	0
EGFR	IGHV3-43D	0.9	0.9	0.9	0
EGFR	IGKV2D-28	0.9	0.9	0.9	0
EGFR	IGKV2D-29	0.9	0.9	0.9	0
EGFR	IGLL5	0.906	0.906	0.906	0
EGFR	JAK1	0.832	0.7755474452554745	0.385	0.65
EGFR	JAK2	0.828	0.8018248175182483	0.457	0.65
EGFR	LOC102723407	0.9	0.9	0.9	0
EGFR	PDGFRA	0.96	0.9545359749739312	0.564	0.9
EGFR	PDGFRB	0.997	0.9433785192909281	0.457	0.9
EGFR	PIK3CA	0.899	0.718456725755996	0.55	0.4
EGFR	PIK3R1	0.944	0.7854014598540147	0.657	0.4
EGFR	PTK2	0.982	0.8335766423357664	0.734	0.4
EGFR	PTPN11	0.993	0.8335766423357664	0.734	0.4
EGFR	SH3GL2	0.904	0.8259124087591241	0.523	0.65
EGFR	SHC1	0.997	0.8469864442127216	0.681	0.54
EGFR	SOS1	0.948	0.8335766423357664	0.734	0.4
EGFR	TGFA	0.999	0.9774765380604796	0.964	0.4
ENO1	HLA-DRA	0.9	0.9	0.9	0
ENO1	HLA-DRB1	0.9	0.9	0.9	0
ENSP00000495715	HLA-DQB1	0.744	0.744	0.744	0
EP300	ESR1	0.941	0.7340980187695516	0.49	0.5
EP300	FOS	0.771	0.7168925964546402	0.457	0.5
EP300	FOXO1	0.908	0.7267987486965589	0.476	0.5
EP300	FOXO3	0.95	0.7267987486965589	0.476	0.5
EP300	GATA3	0.89	0.8022940563086549	0.052	0.8
EP300	HIF1A	0.999	0.9958289885297185	0.96	0.9
EP300	IRF7	0.903	0.786339937434828	0.317	0.7
EP300	JUN	0.993	0.8008342022940562	0.618	0.5
EP300	KAT2B	0.998	0.9433785192909281	0.457	0.9
EP300	LEF1	0.968	0.9261730969760167	0.292	0.9
EP300	NCOA1	0.995	0.8867570385818561	0.457	0.8
EP300	NCOA2	0.993	0.8867570385818561	0.457	0.8
EP300	NFKB1	0.982	0.7168925964546402	0.457	0.5
EP300	NRIP1	0.8	0.8	0	0.8
EP300	PAX6	0.855	0.8523461939520335	0.292	0.8
EP300	PML	0.8	0.8	0	0.8
EP300	PPARG	0.968	0.7304483837330553	0.483	0.5
EP300	PPARGC1A	0.969	0.8523461939520335	0.292	0.8
EP300	RELA	0.993	0.7168925964546402	0.457	0.5
EP300	RUNX1	0.974	0.7168925964546402	0.457	0.5
EP300	RUNX3	0.91	0.7168925964546402	0.457	0.5
EP300	RXRA	0.835	0.7416058394160584	0.292	0.65
EP300	SMAD3	0.994	0.7168925964546402	0.457	0.5
EP300	SP1	0.993	0.8867570385818561	0.457	0.8
EP300	SPI1	0.891	0.8	0	0.8
EP300	TCF7L2	0.935	0.9261730969760167	0.292	0.9
EP300	TLE3	0.8	0.8	0	0.8
EP300	TP53	0.999	0.9812304483837331	0.964	0.5
EPO	GH2	0.937	0.9	0	0.9
EPO	LEP	0.9	0.9	0	0.9
EPO	PRL	0.9	0.9	0	0.9
ERBB2	GRB2	0.997	0.8824817518248176	0.678	0.65
ERBB2	HSP90AA1	0.986	0.7440041710114703	0.509	0.5
ERBB2	IGHV3-16	0.9	0.9	0.9	0
ERBB2	IGKV2D-29	0.9	0.9	0.9	0
ERBB2	PIK3R1	0.805	0.7628779979144943	0.621	0.4
ERBB2	SHC1	0.997	0.9334723670490094	0.681	0.8
ESR1	ESR2	0.996	0.946089676746611	0.483	0.9
ESR1	FN1	0.923	0.9	0.9	0
ESR1	FOS	0.998	0.9433785192909281	0.457	0.9
ESR1	GATA3	0.925	0.7528675703858185	0.526	0.5
ESR1	HSP90AA1	0.99	0.7194994786235662	0.462	0.5
ESR1	IGF1R	0.994	0.7168925964546402	0.457	0.5
ESR1	JUN	0.998	0.9433785192909281	0.457	0.9
ESR1	NCOA1	0.999	0.9889468196037539	0.947	0.8
ESR1	NCOA2	0.999	0.991866527632951	0.961	0.8
ESR1	NCOR1	0.998	0.9433785192909281	0.457	0.9
ESR1	NCOR2	0.966	0.7168925964546402	0.457	0.5
ESR1	NRIP1	0.992	0.7528675703858185	0.526	0.5
ESR1	SHC1	0.98	0.7168925964546402	0.457	0.5
ESR1	SP1	0.997	0.9505735140771637	0.526	0.9
ESR2	FOS	0.9	0.9	0	0.9
ESR2	JUN	0.917	0.9	0	0.9
ESR2	NCOA1	0.997	0.9889468196037539	0.947	0.8
ESR2	NCOA2	0.973	0.8959332638164755	0.501	0.8
ESR2	NCOR1	0.939	0.9	0	0.9
ESR2	NCOR2	0.833	0.7168925964546402	0.457	0.5
ESR2	SP1	0.979	0.9433785192909281	0.457	0.9
ETS1	FOXO1	0.958	0.879	0.879	0
ETS1	NFKB2	0.926	0.926	0.926	0
ETS1	RUNX1	0.998	0.916	0.916	0
EZH2	HDAC2	0.998	0.9597497393117832	0.614	0.9
EZH2	HDAC3	0.979	0.7168925964546402	0.457	0.5
F2	FGB	0.9	0.9	0.9	0
F2	FGG	0.901	0.9	0.9	0
F2	PROC	0.965	0.9520333680917623	0.9	0.54
F2	THBD	0.99	0.9849843587069864	0.952	0.7
F6UB75_HUMAN	HLA-DOB	0.879	0.8796037539103233	0.749	0.54
FADD	FAS	0.999	0.9965589155370177	0.967	0.9
FADD	FASLG	0.996	0.8211678832116788	0.657	0.5
FADD	IKBKG	0.848	0.7168925964546402	0.457	0.5
FADD	RIPK1	0.999	0.9433785192909281	0.457	0.9
FADD	TNFRSF10A	0.997	0.7794577685088634	0.577	0.5
FADD	TNFRSF10B	0.997	0.7877997914494265	0.593	0.5
FADD	TNFSF10	0.852	0.7168925964546402	0.457	0.5
FADD	TRADD	0.998	0.9433785192909281	0.457	0.9
FADD	TRAF2	0.994	0.8798748696558916	0.424	0.8
FAM20C	SPP1	0.716	0.7168925964546402	0.457	0.5
FAS	FASLG	0.999	0.9642335766423358	0.657	0.9
FAS	IGLL5	0.9	0.9	0.9	0
FAS	RIPK1	0.928	0.7751824817518248	0.23	0.72
FAS	TNFRSF10B	0.963	0.7122002085505735	0.448	0.5
FAS	TNFRSF1A	0.997	0.9424400417101146	0.448	0.9
FAS	TRADD	0.97	0.9261730969760167	0.292	0.9
FASLG	TNFRSF10B	0.996	0.7122002085505735	0.448	0.5
FASLG	TNFRSF6B	0.999	0.9749739311783107	0.952	0.5
FBLN1	FBLN2	0.908	0.8	0	0.8
FCGR1A	LOC102723407	0.9	0.9	0	0.9
FCGR1A	SYK	0.964	0.9374348279457768	0.4	0.9
FCGR2A	LOC102723407	0.9	0.9	0	0.9
FCGR2A	PIK3R1	0.716	0.7168925964546402	0.457	0.5
FCGR2A	SYK	0.982	0.9433785192909281	0.457	0.9
FCGR2B	IGHV3-16	0.9	0.9	0.9	0
FCGR2B	IGHV3-43D	0.9	0.9	0.9	0
FCGR2B	IGLL5	0.9	0.9	0.9	0
FCGR2B	INPP5D	0.99	0.9529718456725755	0.549	0.9
FCGR2B	INPPL1	0.958	0.9	0	0.9
FCGR2B	SYK	0.9	0.9	0	0.9
FCGR3A	FCGR3B	0.964	0.9396246089676747	0.421	0.9
FCGR3A	LOC102723407	0.9	0.9	0	0.9
FCGR3A	SYK	0.948	0.9261730969760167	0.292	0.9
FCGR3B	LOC102723407	0.9	0.9	0	0.9
FCGR3B	SYK	0.921	0.9	0	0.9
FCN1	FCN2	0.914	0.8265693430656934	0.406	0.72
FCN1	MASP2	0.963	0.7932846715328467	0.292	0.72
FCN2	MASP2	0.989	0.8683211678832117	0.549	0.72
FGB	FGG	0.999	0.997497393117831	0.976	0.9
FGB	FN1	0.777	0.7267153284671533	0.064	0.72
FGB	ITGA2B	0.9	0.9	0	0.9
FGB	ITGB3	0.9	0.9	0	0.9
FGB	THBS1	0.72	0.7199999999999999	0	0.72
FGG	FN1	0.913	0.7267153284671533	0.064	0.72
FGG	ITGA2B	0.9	0.9	0	0.9
FGG	ITGB3	0.959	0.946089676746611	0.483	0.9
FGG	THBS1	0.72	0.7199999999999999	0	0.72
FKBP5	HSP90AA1	0.999	0.9791449426485923	0.96	0.5
FKBP5	HSP90AB1	0.997	0.8237747653806048	0.662	0.5
FN1	ITGA5	0.999	0.9749739311783107	0.952	0.5
FN1	ITGAV	0.999	0.96	0.96	0
FN1	ITGB1	0.999	0.9749739311783107	0.952	0.5
FN1	ITGB3	0.999	0.9749739311783107	0.96	0.4
FN1	LCN2	0.919	0.9	0.9	0
FN1	STAT3	0.968	0.9478623566214807	0.9	0.5
FN1	THBS1	0.996	0.8356204379562044	0.437	0.72
FN1	YES1	0.903	0.903	0.903	0
FOS	JUN	0.999	0.997080291970803	0.972	0.9
FOS	NCOA1	0.886	0.8867570385818561	0.457	0.8
FOS	RUNX2	0.964	0.9433785192909281	0.457	0.9
FOS	SP1	0.9	0.9	0	0.9
FOXO1	FOXO3	0.949	0.9	0	0.9
FOXO1	NR3C1	0.754	0.7	0	0.7
FOXO1	PPARGC1A	0.998	0.9	0	0.9
FOXO1	SMAD3	0.98	0.9261730969760167	0.292	0.9
FOXO1	YWHAZ	0.746	0.7267987486965589	0.476	0.5
FOXO3	SMAD3	0.987	0.9433785192909281	0.457	0.9
FOXO3	YWHAZ	0.891	0.7168925964546402	0.457	0.5
FOXP3	RUNX1	0.998	0.9261730969760167	0.292	0.9
FPR1	GNAI1	0.901	0.9	0.9	0
FPR1	GNB1	0.8	0.8	0.8	0
FPR1	GNG2	0.8	0.8	0.8	0
FYN	GRAP2	0.908	0.8	0	0.8
FYN	INPPL1	0.8	0.8	0	0.8
FYN	LCK	0.998	0.9261730969760167	0.292	0.9
FYN	LYN	0.992	0.8	0	0.8
FYN	PIK3R1	0.776	0.7353493222106361	0.577	0.4
FYN	PLCG2	0.898	0.8523461939520335	0.292	0.8
FYN	PTK2	0.986	0.7610010427528676	0.618	0.4
FYN	PTPN11	0.98	0.8867570385818561	0.457	0.8
FYN	SHC1	0.959	0.8523461939520335	0.292	0.8
FYN	SRC	0.998	0.989259645464025	0.897	0.9
FYN	TRAF2	0.902	0.9	0	0.9
FYN	TRAF6	0.928	0.9261730969760167	0.292	0.9
FYN	YES1	0.986	0.9822732012513035	0.915	0.8
GAB2	GRAP2	0.716	0.7168925964546402	0.457	0.5
GAB2	GRB2	0.999	0.9958289885297185	0.96	0.9
GAB2	PIK3CA	0.9	0.9	0	0.9
GAB2	PIK3CB	0.956	0.9261730969760167	0.292	0.9
GAB2	PIK3R1	0.982	0.9490093847758082	0.511	0.9
GAB2	PIK3R2	0.966	0.929301355578728	0.322	0.9
GAB2	PIK3R3	0.9	0.9	0	0.9
GAB2	PLCG2	0.926	0.9261730969760167	0.292	0.9
GAB2	PTPN11	0.997	0.8980187695516163	0.511	0.8
GAB2	SHC1	0.988	0.8867570385818561	0.457	0.8
GAB2	TRAF2	0.9	0.9	0	0.9
GAB2	TRAF6	0.914	0.9	0	0.9
GATA2	RUNX1	0.979	0.8	0	0.8
GATA2	SPI1	0.952	0.8867570385818561	0.457	0.8
GATA2	TAL1	0.996	0.8394160583941606	0.23	0.8
GATA2	ZFPM1	0.961	0.7168925964546402	0.457	0.5
GATA3	LDB1	0.898	0.8	0	0.8
GATA3	NRIP1	0.8	0.8	0	0.8
GATA3	TAL1	0.979	0.8867570385818561	0.457	0.8
GATA3	TLE3	0.8	0.8	0.041	0.8
GCG	GNAI1	0.8	0.8	0.8	0
GCG	GNAS	0.929	0.8957247132429614	0.8	0.5
GCG	GNB1	0.895	0.8957247132429614	0.8	0.5
GCG	GNG2	0.895	0.8957247132429614	0.8	0.5
GCG	IDE	0.946	0.946	0.946	0
GCG	IGHV3-16	0.8	0.8	0.8	0
GDF5	HJV	0.9	0.9	0.9	0
GDF5	NEO1	0.8	0.8	0.8	0
GDF5	RGMA	0.9	0.9	0.9	0
GDF5	RGMB	0.9	0.9	0.9	0
GH2	GHR	0.809	0.7	0	0.7
GH2	LEP	0.9	0.9	0	0.9
GH2	PRL	0.9	0.9	0	0.9
GHR	JAK1	0.852	0.8523461939520335	0.292	0.8
GHR	JAK2	0.996	0.9433785192909281	0.457	0.9
GHR	JAK3	0.8	0.8	0	0.8
GHR	STAT5B	0.771	0.7643378519290929	0.548	0.5
GHR	TYK2	0.741	0.7416058394160584	0.292	0.65
GIP	GIPR	0.999	0.9943691345151199	0.946	0.9
GIP	GNAS	0.8	0.8	0.8	0
GIP	GNB1	0.8	0.8	0.8	0
GIP	GNG2	0.8	0.8	0.8	0
GIP	IGHV3-16	0.8	0.8	0.8	0
GIPR	GNAS	0.927	0.911	0.911	0
GIPR	GNB1	0.909	0.909	0.909	0
GIPR	GNG2	0.802	0.802	0.802	0
GIPR	IGHV3-16	0.8	0.8	0.8	0
GIPR	IGHV3-43D	0.9	0.9	0.9	0
GIT1	PXN	0.998	0.948	0.948	0
GNAI1	GNB1	0.994	0.9927007299270073	0.98	0.65
GNAI1	GNB3	0.753	0.7277372262773723	0.254	0.65
GNAI1	GNG2	0.982	0.9813868613138685	0.949	0.65
GNAI1	GNGT1	0.975	0.974087591240876	0.929	0.65
GNAI1	IGHV3-16	0.9	0.9	0.9	0
GNAI1	OPRM1	0.9	0.9	0.9	0
GNAI1	POMC	0.8	0.8	0.8	0
GNAQ	GNB1	0.986	0.986089676746611	0.971	0.54
GNAQ	GNB3	0.752	0.752012513034411	0.483	0.54
GNAQ	GNG2	0.926	0.9261313868613139	0.846	0.54
GNAQ	GRK2	0.995	0.7794577685088634	0.577	0.5
GNAQ	RHOA	0.85	0.8	0.8	0
GNAS	GNB1	0.997	0.99718456725756	0.973	0.9
GNAS	GNB3	0.955	0.9312825860271116	0.341	0.9
GNAS	GNG2	0.991	0.9910323253388947	0.914	0.9
GNAS	GNGT1	0.957	0.9569343065693431	0.587	0.9
GNAS	IGHV3-16	0.9	0.9	0.9	0
GNAS	IGLL5	0.8	0.8	0.8	0
GNAS	SRC	0.7	0.7	0	0.7
GNAS	TSHR	0.934	0.9	0.9	0
GNB1	GNB3	0.898	0.8038164754953075	0.591	0.54
GNB1	GNG2	0.993	0.9908863399374349	0.981	0.54
GNB1	GNGT1	0.999	0.9976016684045881	0.977	0.9
GNB1	GRK2	0.957	0.955	0.955	0
GNB1	IGHV3-16	0.9	0.9	0.9	0
GNB1	IGLL5	0.842	0.842	0.842	0
GNB1	MC1R	0.9	0.9	0.9	0
GNB1	OPRM1	0.895	0.8957247132429614	0.8	0.5
GNB1	POMC	0.895	0.8957247132429614	0.8	0.5
GNB1	TSHR	0.9	0.9	0.9	0
GNB3	GNG2	0.914	0.9117413972888425	0.816	0.54
GNB3	GNGT1	0.94	0.892075078206465	0.775	0.54
GNG2	GRK2	0.84	0.831	0.831	0
GNG2	IGHV3-16	0.8	0.8	0.8	0
GNG2	IGLL5	0.8	0.8	0.8	0
GNG2	MC1R	0.8	0.8	0.8	0
GNG2	OPRM1	0.895	0.8957247132429614	0.8	0.5
GNG2	POMC	0.895	0.8957247132429614	0.8	0.5
GNG2	TSHR	0.8	0.8	0.8	0
GPER1	PTK2	0.9	0.9	0	0.9
GPER1	SRC	0.9	0.9	0	0.9
GRAP2	INPPL1	0.8	0.8	0	0.8
GRAP2	LAT	0.995	0.9433785192909281	0.457	0.9
GRAP2	LCP2	0.999	0.9692387904066736	0.705	0.9
GRAP2	PLCG2	0.8	0.8	0	0.8
GRAP2	PTPN11	0.869	0.8	0	0.8
GRAP2	SHC1	0.98	0.8	0	0.8
GRAP2	SRC	0.874	0.8	0	0.8
GRAP2	YES1	0.8	0.8	0	0.8
GRB10	INSR	0.84	0.7168925964546402	0.457	0.5
GRB10	PIK3CA	0.8	0.8	0	0.8
GRB10	PIK3R1	0.913	0.8867570385818561	0.457	0.8
GRB2	INPP5D	0.957	0.7168925964546402	0.457	0.5
GRB2	INPPL1	0.875	0.7247132429614181	0.472	0.5
GRB2	INSR	0.857	0.7875912408759125	0.418	0.65
GRB2	ITK	0.96	0.7168925964546402	0.457	0.5
GRB2	KIT	0.945	0.8018248175182483	0.457	0.65
GRB2	LAT	0.997	0.8762043795620438	0.576	0.72
GRB2	LCP2	0.994	0.7168925964546402	0.457	0.5
GRB2	MET	0.989	0.8605839416058394	0.618	0.65
GRB2	NTRK1	0.981	0.9433785192909281	0.457	0.9
GRB2	PDGFRA	0.807	0.8018248175182483	0.457	0.65
GRB2	PDGFRB	0.985	0.82992700729927	0.534	0.65
GRB2	PIK3R1	0.979	0.7772679874869657	0.644	0.4
GRB2	PTK2	0.999	0.9722627737226278	0.734	0.9
GRB2	PTPN11	0.999	0.9722627737226278	0.734	0.9
GRB2	PTPN6	0.844	0.7168925964546402	0.457	0.5
GRB2	SH2B1	0.985	0.9433785192909281	0.457	0.9
GRB2	SHC1	0.999	0.9958289885297185	0.96	0.9
GRB2	SOS1	0.999	0.9826903023983317	0.834	0.9
GRB2	VAV1	0.999	0.9719499478623567	0.731	0.9
HCK	JAK2	0.8	0.8	0	0.8
HCK	LYN	0.978	0.9576642335766423	0.594	0.9
HCK	PIK3CB	0.789	0.7898852971845672	0.597	0.5
HCK	SOS1	0.79	0.7575599582898853	0.535	0.5
HCK	SRC	0.806	0.7831074035453597	0.584	0.5
HCK	SYK	0.877	0.8	0	0.8
HCK	TYK2	0.8	0.8	0	0.8
HCRT	HLA-DQA1	0.958	0.958	0.958	0
HCRT	HLA-DQB1	0.926	0.9	0.9	0
HDAC1	HDAC2	0.999	0.9659019812304483	0.673	0.9
HDAC1	HDAC3	0.9	0.9	0	0.9
HDAC1	NCOR1	0.997	0.8552659019812304	0.306	0.8
HDAC1	NCOR2	0.998	0.8890510948905109	0.468	0.8
HDAC1	RUNX1	0.976	0.7168925964546402	0.457	0.5
HDAC1	SIN3A	0.998	0.9282586027111575	0.656	0.8
HDAC1	SMAD3	0.964	0.7168925964546402	0.457	0.5
HDAC1	TLE1	0.897	0.8301355578727841	0.457	0.7
HDAC1	TLE3	0.972	0.7111574556830031	0.446	0.5
HDAC2	HDAC3	0.9	0.9	0	0.9
HDAC2	NCOR1	0.982	0.8041710114702816	0.061	0.8
HDAC2	NCOR2	0.979	0.8890510948905109	0.468	0.8
HDAC2	SIN3A	0.999	0.9641293013555787	0.656	0.9
HDAC2	SMARCA4	0.988	0.8867570385818561	0.457	0.8
HDAC3	NCOR1	0.998	0.8890510948905109	0.468	0.8
HDAC3	NCOR2	0.999	0.9916579770594369	0.96	0.8
HDAC3	PPARG	0.826	0.7168925964546402	0.457	0.5
HDAC3	RUNX2	0.794	0.7168925964546402	0.457	0.5
HDAC3	RXRA	0.741	0.7416058394160584	0.292	0.65
HDAC3	SIN3A	0.971	0.8423357664233577	0.244	0.8
HDAC7	NCOR2	0.746	0.7179353493222107	0.459	0.5
HFE	HJV	0.958	0.7199999999999999	0	0.72
HGF	IL7	0.984	0.9	0	0.9
HGF	MET	0.999	0.9927007299270073	0.965	0.8
HJV	NEO1	0.999	0.9584984358706986	0.602	0.9
HLA-A	HLA-B	0.986	0.9286757038581857	0.316	0.9
HLA-A	HLA-C	0.99	0.9402502606882168	0.427	0.9
HLA-A	HLA-DMA	0.9	0.9	0	0.9
HLA-A	HLA-DMB	0.9	0.9	0	0.9
HLA-A	HLA-DOA	0.9	0.9	0	0.9
HLA-A	HLA-DOB	0.9	0.9	0	0.9
HLA-A	HLA-DPA1	0.913	0.913242961418144	0.168	0.9
HLA-A	HLA-DPB1	0.9	0.9	0	0.9
HLA-A	HLA-DQB1	0.751	0.7515328467153284	0.482	0.54
HLA-A	HLA-DRA	0.9	0.9	0	0.9
HLA-A	HLA-DRB1	0.9	0.9	0	0.9
HLA-A	HLA-E	0.952	0.9183524504692389	0.217	0.9
HLA-A	IGHV3-16	0.9	0.9	0.9	0
HLA-A	IGHV3-43D	0.914	0.914	0.914	0
HLA-A	IGLL5	0.904	0.904	0.904	0
HLA-A	IL27RA	0.912	0.912	0.912	0
HLA-A	LOC102723407	0.914	0.9142857142857143	0.178	0.9
HLA-A	TAP2	0.943	0.9433785192909281	0.457	0.9
HLA-B	HLA-C	0.992	0.9461939520333681	0.484	0.9
HLA-B	HLA-DMA	0.94	0.9	0	0.9
HLA-B	HLA-DMB	0.94	0.9	0	0.9
HLA-B	HLA-DOA	0.939	0.9	0	0.9
HLA-B	HLA-DOB	0.941	0.9	0	0.9
HLA-B	HLA-DPA1	0.9	0.9	0	0.9
HLA-B	HLA-DPB1	0.9	0.9	0	0.9
HLA-B	HLA-DRA	0.916	0.9	0	0.9
HLA-B	HLA-DRB1	0.923	0.9	0	0.9
HLA-B	HLA-E	0.973	0.9424400417101146	0.448	0.9
HLA-B	LOC102723407	0.914	0.9142857142857143	0.178	0.9
HLA-C	HLA-DMA	0.929	0.9	0	0.9
HLA-C	HLA-DMB	0.911	0.9	0	0.9
HLA-C	HLA-DOA	0.9	0.9	0	0.9
HLA-C	HLA-DOB	0.914	0.9	0	0.9
HLA-C	HLA-DPA1	0.9	0.9	0	0.9
HLA-C	HLA-DPB1	0.9	0.9	0	0.9
HLA-C	HLA-DRA	0.921	0.9	0	0.9
HLA-C	HLA-DRB1	0.936	0.9096976016684046	0.134	0.9
HLA-C	HLA-E	0.976	0.9479666319082377	0.501	0.9
HLA-C	LOC102723407	0.914	0.9142857142857143	0.178	0.9
HLA-C	MR1	0.706	0.706444212721585	0.388	0.54
HLA-DMA	HLA-DMB	0.997	0.9958289885297185	0.96	0.9
HLA-DMA	HLA-DOA	0.966	0.9466110531803963	0.488	0.9
HLA-DMA	HLA-DOB	0.976	0.9643378519290928	0.658	0.9
HLA-DMA	HLA-DPA1	0.9	0.9	0	0.9
HLA-DMA	HLA-DPB1	0.91	0.9092805005213764	0.13	0.9
HLA-DMA	HLA-DRA	0.995	0.9949947862356622	0.952	0.9
HLA-DMA	HLA-DRB1	0.991	0.9916579770594369	0.92	0.9
HLA-DMA	HLA-E	0.9	0.9	0	0.9
HLA-DMA	LOC102723407	0.9	0.9	0	0.9
HLA-DMB	HLA-DOA	0.904	0.9041710114702816	0.081	0.9
HLA-DMB	HLA-DOB	0.973	0.9738269030239833	0.749	0.9
HLA-DMB	HLA-DPA1	0.904	0.9041710114702816	0.081	0.9
HLA-DMB	HLA-DPB1	0.921	0.92148070907195	0.247	0.9
HLA-DMB	HLA-DRA	0.996	0.9956204379562044	0.958	0.9
HLA-DMB	HLA-DRB1	0.994	0.9943691345151199	0.946	0.9
HLA-DMB	HLA-E	0.9	0.9	0	0.9
HLA-DMB	LOC102723407	0.9	0.9	0	0.9
HLA-DOA	HLA-DOB	0.928	0.9286757038581857	0.316	0.9
HLA-DOA	HLA-DPA1	0.924	0.9	0	0.9
HLA-DOA	HLA-DPB1	0.911	0.9041710114702816	0.081	0.9
HLA-DOA	HLA-DRA	0.938	0.9	0	0.9
HLA-DOA	HLA-DRB1	0.904	0.9041710114702816	0.081	0.9
HLA-DOA	HLA-E	0.9	0.9	0	0.9
HLA-DOA	LOC102723407	0.9	0.9	0	0.9
HLA-DOB	HLA-DPA1	0.904	0.9041710114702816	0.081	0.9
HLA-DOB	HLA-DPB1	0.9	0.9	0	0.9
HLA-DOB	HLA-DRA	0.933	0.9334723670490094	0.362	0.9
HLA-DOB	HLA-DRB1	0.932	0.9	0	0.9
HLA-DOB	HLA-E	0.9	0.9	0	0.9
HLA-DOB	LOC102723407	0.914	0.9144942648592284	0.18	0.9
HLA-DPA1	HLA-DPB1	0.999	0.991970802919708	0.923	0.9
HLA-DPA1	HLA-DRA	0.924	0.9	0	0.9
HLA-DPA1	HLA-DRB1	0.936	0.9041710114702816	0.081	0.9
HLA-DPA1	HLA-E	0.9	0.9	0	0.9
HLA-DPA1	LOC102723407	0.9	0.9	0	0.9
HLA-DPB1	HLA-DRA	0.933	0.9334723670490094	0.362	0.9
HLA-DPB1	HLA-DRB1	0.909	0.9093847758081335	0.131	0.9
HLA-DPB1	HLA-E	0.905	0.9050052137643378	0.089	0.9
HLA-DPB1	LOC102723407	0.914	0.9144942648592284	0.18	0.9
HLA-DQA1	HLA-DQB1	0.999	0.9880083420229405	0.975	0.54
HLA-DQA1	HLA-DRB5	0.72	0.7203545359749739	0.417	0.54
HLA-DQA1	LOC102723407	0.904	0.9043795620437957	0.083	0.9
HLA-DQA2	LOC102723407	0.904	0.9043795620437957	0.083	0.9
HLA-DQB1	HLA-DRA	0.758	0.7299478623566216	0.437	0.54
HLA-DQB1	INS	0.744	0.744	0.744	0
HLA-DQB1	INS-IGF2	0.744	0.744	0.744	0
HLA-DQB2	HLA-DRA	0.849	0.7006882168925964	0.376	0.54
HLA-DRA	HLA-DRB1	0.999	0.99718456725756	0.973	0.9
HLA-DRA	HLA-DRB5	0.995	0.9836913451511992	0.966	0.54
HLA-DRA	HLA-E	0.9	0.9	0	0.9
HLA-DRA	LOC102723407	0.922	0.9228362877997914	0.26	0.9
HLA-DRA	VIM	0.906	0.906	0.906	0
HLA-DRB1	HLA-DRB5	0.907	0.8277997914494265	0.641	0.54
HLA-DRB1	HLA-E	0.913	0.9130344108446299	0.166	0.9
HLA-DRB1	VIM	0.906	0.906	0.906	0
HLA-DRB5	LOC102723407	0.914	0.9144942648592284	0.18	0.9
HLA-E	LOC102723407	0.914	0.9142857142857143	0.178	0.9
HLA-E	MR1	0.792	0.7923044838373304	0.567	0.54
HMGB1	ITGAV	0.72	0.7199999999999999	0	0.72
HMGB1	ITGB3	0.72	0.7199999999999999	0	0.72
HMGB1	TLR4	0.996	0.7069864442127216	0.438	0.5
HMGB1	TP53	0.989	0.955	0.955	0
HSD11B1	HSD11B1L	0.9	0.9	0	0.9
HSP90AA1	HSP90AB1	0.965	0.9654848800834201	0.669	0.9
HSP90AA1	HSP90B1	0.917	0.9175182481751825	0.209	0.9
HSP90AA1	HSPA1B	0.947	0.8206465067778936	0.656	0.5
HSP90AA1	HSPA8	0.997	0.8524504692387904	0.717	0.5
HSP90AA1	NR3C1	0.999	0.9833159541188737	0.968	0.5
HSP90AA1	SRC	0.997	0.8869655891553702	0.458	0.8
HSP90AA1	TBK1	0.768	0.7174139728884255	0.458	0.5
HSP90AB1	HSP90B1	0.919	0.9	0	0.9
HSP90AB1	HSPA1B	0.909	0.7231491136600626	0.469	0.5
HSP90AB1	HSPA8	0.997	0.8642544316996871	0.717	0.54
HSP90AB1	NR3C1	0.994	0.7262773722627737	0.475	0.5
HSP90AB1	STUB1	0.996	0.7966214807090719	0.576	0.54
HSPA1B	HSPA4	0.848	0.8050052137643379	0.626	0.5
HSPA1B	HSPA8	0.93	0.8133472367049008	0.642	0.5
HSPA1B	NR3C1	0.781	0.758	0.758	0
HSPA1B	STUB1	0.818	0.724	0.724	0
HSPA1B	TLR2	0.997	0.9	0	0.9
HSPA4	HSPA8	0.996	0.8211678832116788	0.657	0.5
HSPA8	STUB1	0.997	0.8762460896767466	0.742	0.54
HSPA8	TLR2	0.932	0.9	0	0.9
HSPD1	LY96	0.781	0.7199999999999999	0	0.72
HSPD1	TLR4	0.996	0.7932846715328467	0.292	0.72
HSPD1	TRIL	0.72	0.7199999999999999	0	0.72
HTRA2	TNFRSF1A	0.734	0.734	0.734	0
HTRA2	TRAF2	0.779	0.7798331595411888	0.541	0.54
ICAM1	ITGAL	0.999	0.9958289885297185	0.96	0.9
ICAM1	ITGAM	0.998	0.9261730969760167	0.292	0.9
ICAM1	ITGB2	0.998	0.9433785192909281	0.457	0.9
ICAM1	MSN	0.984	0.9013555787278414	0.054	0.9
ICOS	ICOSLG	0.999	0.9912408759124087	0.916	0.9
ICOS	IGHV3-43D	0.9	0.9	0.9	0
ICOS	LOC102723996	0.999	0.9949947862356622	0.952	0.9
ICOSLG	IGHV3-16	0.9	0.9	0.9	0
ICOSLG	IGHV3-43D	0.9	0.9	0.9	0
ICOSLG	LOC102723996	0.8	0.8	0.8	0
IDE	IGF2	0.926	0.926	0.926	0
IDE	INS	0.994	0.96	0.96	0
IDE	INS-IGF2	0.9	0.9	0.9	0
IDE	TGFA	0.9	0.9	0.9	0
IFNA2	IFNAR1	0.999	0.9791449426485923	0.96	0.5
IFNA2	IFNAR2	0.999	0.9791449426485923	0.96	0.5
IFNAR1	IFNAR2	0.999	0.9881126173096977	0.886	0.9
IFNAR1	IFNB1	0.996	0.8138686131386861	0.643	0.5
IFNAR1	IFNGR1	0.94	0.9404588112617309	0.429	0.9
IFNAR1	JAK1	0.998	0.9334723670490094	0.362	0.9
IFNAR1	JAK2	0.806	0.8	0	0.8
IFNAR1	JAK3	0.806	0.8	0	0.8
IFNAR1	STAT2	0.956	0.9059436913451513	0.549	0.8
IFNAR1	TYK2	0.999	0.9940563086548487	0.943	0.9
IFNAR2	IFNGR1	0.944	0.9	0	0.9
IFNAR2	JAK1	0.998	0.9433785192909281	0.457	0.9
IFNAR2	JAK2	0.829	0.8	0	0.8
IFNAR2	JAK3	0.8	0.8	0	0.8
IFNAR2	STAT1	0.934	0.7168925964546402	0.457	0.5
IFNAR2	STAT2	0.944	0.8867570385818561	0.457	0.8
IFNAR2	TYK2	0.997	0.9	0	0.9
IFNG	IFNGR1	0.999	0.9958289885297185	0.96	0.9
IFNGR1	JAK1	0.998	0.9433785192909281	0.457	0.9
IFNGR1	JAK2	0.998	0.9433785192909281	0.457	0.9
IFNGR1	STAT1	0.944	0.8008342022940562	0.618	0.5
IFNL1	IFNLR1	0.999	0.9943691345151199	0.946	0.9
IFNL1	IL10RB	0.994	0.9	0	0.9
IFNLR1	IL10RB	0.999	0.9895724713242962	0.9	0.9
IFNLR1	JAK1	0.999	0.9958289885297185	0.96	0.9
IGF1	IGF1R	0.999	0.9958289885297185	0.96	0.9
IGF1	IGF2	0.998	0.9	0	0.9
IGF1	IGFALS	0.989	0.9456934306569343	0.814	0.72
IGF1	IGFBP1	0.999	0.9874869655891554	0.96	0.7
IGF1	IGFBP2	0.995	0.7797705943691344	0.296	0.7
IGF1	IGFBP3	0.998	0.8981021897810219	0.651	0.72
IGF1	IGFBP4	0.999	0.9874869655891554	0.96	0.7
IGF1	IGFBP5	0.999	0.9868613138686131	0.955	0.72
IGF1	IGFBP6	0.994	0.7040667361835244	0.054	0.7
IGF1	INS	0.998	0.9	0	0.9
IGF1	INSR	0.998	0.96	0.96	0
IGF1	ITGAV	0.72	0.7199999999999999	0	0.72
IGF1	ITGB3	0.937	0.9	0	0.9
IGF1	PDGFA	0.9	0.9	0	0.9
IGF1	PDGFB	0.9	0.9	0	0.9
IGF1	TGFA	0.936	0.9	0	0.9
IGF1R	IGF2	0.999	0.9734098018769551	0.915	0.7
IGF1R	INS	0.999	0.9791449426485923	0.9	0.8
IGF1R	INS-IGF2	0.923	0.9	0.9	0
IGF1R	INSR	0.997	0.9923879040667362	0.927	0.9
IGF1R	INSRR	0.958	0.919895724713243	0.833	0.54
IGF1R	IRS1	0.999	0.9736183524504692	0.945	0.54
IGF1R	ITGAV	0.843	0.7477372262773723	0.136	0.72
IGF1R	ITGB3	0.9	0.9	0	0.9
IGF1R	PTPN1	0.979	0.946	0.946	0
IGF1R	SHC1	0.994	0.7168925964546402	0.457	0.5
IGF2	IGFBP1	0.997	0.8479666319082377	0.514	0.7
IGF2	IGFBP2	0.995	0.7416058394160584	0.174	0.7
IGF2	IGFBP3	0.995	0.7466110531803962	0.514	0.5
IGF2	IGFBP4	0.947	0.8814389989572471	0.621	0.7
IGF2	IGFBP6	0.996	0.8188738269030239	0.421	0.7
IGFALS	IGFBP3	0.998	0.970177267987487	0.857	0.8
IGFALS	IGFBP5	0.982	0.8523461939520335	0.292	0.8
IGFBP1	IGFBP4	0.951	0.946	0.946	0
IGFBP3	IGFBP5	0.971	0.7199999999999999	0	0.72
IGHV3-16	IGHV3-43D	0.952	0.9520333680917623	0.9	0.54
IGHV3-16	IGKV2D-28	0.952	0.9520333680917623	0.9	0.54
IGHV3-16	IGKV2D-29	0.952	0.9520333680917623	0.9	0.54
IGHV3-16	IGLL5	0.952	0.9520333680917623	0.9	0.54
IGHV3-16	IL1B	0.9	0.9	0.9	0
IGHV3-16	IL27	0.9	0.9	0.9	0
IGHV3-16	IL6R	0.9	0.9	0.9	0
IGHV3-16	LOC102723996	0.9	0.9	0.9	0
IGHV3-16	MC1R	0.8	0.8	0.8	0
IGHV3-16	PDGFRA	0.8	0.8	0.8	0
IGHV3-16	POMC	0.8	0.8	0.8	0
IGHV3-16	THBD	0.8	0.8	0.8	0
IGHV3-16	TNF	0.8	0.8	0.8	0
IGHV3-16	TNFRSF10B	0.9	0.9	0.9	0
IGHV3-16	TSHR	0.8	0.8	0.8	0
IGHV3-43D	IGKV2D-28	0.952	0.9520333680917623	0.9	0.54
IGHV3-43D	IGKV2D-29	0.959	0.9587486965589155	0.914	0.54
IGHV3-43D	IGLL5	0.959	0.9587486965589155	0.914	0.54
IGHV3-43D	IL12B	0.9	0.9	0.9	0
IGHV3-43D	IL13	0.9	0.9	0.9	0
IGHV3-43D	IL17A	0.9	0.9	0.9	0
IGHV3-43D	IL17F	0.9	0.9	0.9	0
IGHV3-43D	IL1B	0.9	0.9	0.9	0
IGHV3-43D	IL21R	0.9	0.9	0.9	0
IGHV3-43D	IL23A	0.8	0.8	0.8	0
IGHV3-43D	IL27	0.9	0.9	0.9	0
IGHV3-43D	IL4R	0.9	0.9	0.9	0
IGHV3-43D	IL6	0.9	0.9	0.9	0
IGHV3-43D	IL6R	0.9	0.9	0.9	0
IGHV3-43D	ITGAL	0.9	0.9	0.9	0
IGHV3-43D	LAG3	0.9	0.9	0.9	0
IGHV3-43D	LOC102723407	0.952	0.9520333680917623	0.9	0.54
IGHV3-43D	LOC102723996	0.9	0.9	0.9	0
IGHV3-43D	PDGFB	0.9	0.9	0.9	0
IGHV3-43D	PROC	0.902	0.902	0.902	0
IGHV3-43D	TNF	0.9	0.9	0.9	0
IGHV3-43D	TNFRSF10B	0.9	0.9	0.9	0
IGKV2D-28	IGKV2D-29	0.904	0.9040667361835246	0.8	0.54
IGKV2D-28	IL17A	0.9	0.9	0.9	0
IGKV2D-28	IL4R	0.9	0.9	0.9	0
IGKV2D-28	PDGFRA	0.8	0.8	0.8	0
IGKV2D-28	THBD	0.8	0.8	0.8	0
IGLL5	IL13	0.9	0.9	0.9	0
IGLL5	IL15	0.9	0.9	0.9	0
IGLL5	IL17A	0.9	0.9	0.9	0
IGLL5	IL2	0.9	0.9	0.9	0
IGLL5	IL6	0.9	0.9	0.9	0
IGLL5	IL6R	0.9	0.9	0.9	0
IGLL5	IL9	0.9	0.9	0.9	0
IGLL5	LOC102723407	0.999	0.9621063607924922	0.921	0.54
IGLL5	PROC	0.903	0.903	0.903	0
IGLL5	TLR3	0.9	0.9	0.9	0
IGLL5	TNFRSF10B	0.9	0.9	0.9	0
IGLL5	TNFRSF9	0.9	0.9	0.9	0
IGLL5	TNFSF13B	0.9	0.9	0.9	0
IGLL5	TSHR	0.9	0.9	0.9	0
IKBKB	IKBKG	0.999	0.997080291970803	0.972	0.9
IKBKB	IRAK1	0.843	0.7168925964546402	0.457	0.5
IKBKB	MAP3K7	0.815	0.7168925964546402	0.457	0.5
IKBKB	RIPK1	0.886	0.7168925964546402	0.457	0.5
IKBKB	SQSTM1	0.73	0.7304483837330553	0.483	0.5
IKBKB	TNF	0.931	0.8613138686131387	0.734	0.5
IKBKB	TNFRSF1A	0.902	0.8613138686131387	0.734	0.5
IKBKB	TRAF2	0.843	0.8354744525547445	0.657	0.54
IKBKB	TRAF6	0.992	0.7644838373305527	0.509	0.54
IKBKE	IKBKG	0.995	0.8867570385818561	0.457	0.8
IKBKE	IRF7	0.943	0.9433785192909281	0.457	0.9
IKBKE	TANK	0.999	0.9623566214807091	0.639	0.9
IKBKE	TBK1	0.999	0.9722627737226278	0.734	0.9
IKBKE	TNF	0.874	0.8613138686131387	0.734	0.5
IKBKE	TNFAIP3	0.716	0.7168925964546402	0.457	0.5
IKBKE	TNFRSF1A	0.861	0.8613138686131387	0.734	0.5
IKBKE	TRAF2	0.885	0.8613138686131387	0.734	0.5
IKBKE	TRAF3	0.997	0.8613138686131387	0.734	0.5
IKBKE	TRAF6	0.968	0.8613138686131387	0.734	0.5
IKBKG	IRAK1	0.935	0.8613138686131387	0.734	0.5
IKBKG	IRAK4	0.842	0.734	0.734	0
IKBKG	MAP3K7	0.974	0.8613138686131387	0.734	0.5
IKBKG	MYD88	0.816	0.734	0.734	0
IKBKG	RIPK1	0.997	0.8613138686131387	0.734	0.5
IKBKG	SHARPIN	0.861	0.8613138686131387	0.734	0.5
IKBKG	TAB1	0.93	0.8613138686131387	0.734	0.5
IKBKG	TAB2	0.993	0.8613138686131387	0.734	0.5
IKBKG	TAB3	0.964	0.8613138686131387	0.734	0.5
IKBKG	TBK1	0.976	0.8867570385818561	0.457	0.8
IKBKG	TNF	0.877	0.8613138686131387	0.734	0.5
IKBKG	TNFRSF1A	0.937	0.8613138686131387	0.734	0.5
IKBKG	TRAF2	0.973	0.7174139728884255	0.458	0.5
IKBKG	TRAF6	0.999	0.9722627737226278	0.734	0.9
IL10	IL10RA	0.999	0.9958289885297185	0.96	0.9
IL10	IL10RB	0.999	0.9949947862356622	0.952	0.9
IL10RA	IL10RB	0.999	0.9922836287799791	0.926	0.9
IL10RA	JAK1	0.999	0.9940563086548487	0.943	0.9
IL10RA	TYK2	0.992	0.9	0	0.9
IL10RB	IL20RA	0.996	0.8	0	0.8
IL10RB	IL22RA1	0.997	0.8855057351407717	0.451	0.8
IL10RB	JAK1	0.996	0.9	0	0.9
IL10RB	TYK2	0.997	0.9	0	0.9
IL11	IL11RA	0.999	0.9529718456725755	0.549	0.9
IL11RA	IL6ST	0.87	0.8	0	0.8
IL12A	IL12B	0.997	0.9958289885297185	0.96	0.9
IL12A	IL12RB1	0.834	0.7726381647549532	0.526	0.54
IL12B	IL12RB1	0.977	0.9659436913451512	0.929	0.54
IL12B	IL23A	0.998	0.9961418143899895	0.963	0.9
IL12B	IL23R	0.97	0.964504692387904	0.926	0.54
IL12RB1	IL12RB2	0.998	0.9	0	0.9
IL12RB1	IL23A	0.97	0.9290093847758082	0.852	0.54
IL12RB1	IL23R	0.999	0.9845672575599583	0.852	0.9
IL12RB1	JAK1	0.9	0.9	0	0.9
IL12RB1	JAK2	0.996	0.9	0	0.9
IL12RB1	TYK2	0.998	0.9	0	0.9
IL12RB2	IL27RA	0.992	0.8	0	0.8
IL12RB2	JAK1	0.8	0.8	0	0.8
IL12RB2	JAK2	0.996	0.9261730969760167	0.292	0.9
IL12RB2	STAT4	0.76	0.7304483837330553	0.483	0.5
IL12RB2	TYK2	0.987	0.9	0	0.9
IL13	IL13RA1	0.999	0.9791449426485923	0.96	0.5
IL13	IL4R	0.999	0.970281543274244	0.943	0.5
IL13RA1	IL4	0.999	0.9718456725755996	0.946	0.5
IL13RA1	IL4R	0.999	0.9887382690302398	0.946	0.8
IL13RA1	TYK2	0.997	0.9261730969760167	0.292	0.9
IL15	IL15RA	0.999	0.9958289885297185	0.96	0.9
IL15	IL2RB	0.999	0.9775808133472367	0.957	0.5
IL15	IL2RG	0.999	0.9650677789363922	0.933	0.5
IL15RA	IL2RB	0.996	0.9442127215849844	0.893	0.5
IL15RA	IL2RG	0.998	0.9442127215849844	0.893	0.5
IL17A	IL17F	0.99	0.9895724713242962	0.9	0.9
IL17A	IL17RA	0.999	0.970281543274244	0.943	0.5
IL17F	IL17RA	0.999	0.9478623566214807	0.9	0.5
IL18	IL18BP	0.998	0.9261730969760167	0.292	0.9
IL18	IL18R1	0.999	0.9958289885297185	0.96	0.9
IL19	IL20RB	0.987	0.875912408759124	0.405	0.8
IL19	IL24	0.916	0.9	0	0.9
IL1A	IL1B	0.971	0.9	0	0.9
IL1A	IL1R1	0.994	0.7	0	0.7
IL1A	IL1R2	0.997	0.8592283628779979	0.55	0.7
IL1B	IL1R1	0.999	0.9874869655891554	0.96	0.7
IL1B	IL1R2	0.999	0.9687174139728885	0.9	0.7
IL1B	IL1RAP	0.999	0.9791449426485923	0.96	0.5
IL1R1	IL1R2	0.995	0.9	0	0.9
IL1R1	IL1RAP	0.999	0.9791449426485923	0.96	0.5
IL1R1	IL1RN	0.999	0.9868613138686131	0.958	0.7
IL1R1	IRAK1	0.987	0.7168925964546402	0.457	0.5
IL1R1	MYD88	0.994	0.7168925964546402	0.457	0.5
IL1R1	TOLLIP	0.896	0.7168925964546402	0.457	0.5
IL1R1	TRAF6	0.977	0.7168925964546402	0.457	0.5
IL1R2	IL1RAP	0.998	0.946	0.946	0
IL1R2	IL1RN	0.95	0.7785192909280501	0.292	0.7
IL1RAP	IL1RL1	0.995	0.7502606882168926	0.521	0.5
IL1RAP	IRAK1	0.868	0.7168925964546402	0.457	0.5
IL1RAP	PTPRD	0.967	0.9523461939520335	0.543	0.9
IL1RAPL2	PTPRD	0.737	0.7	0	0.7
IL1RL1	IL33	0.999	0.9940563086548487	0.943	0.9
IL2	IL2RA	0.999	0.9958289885297185	0.96	0.9
IL2	IL2RB	0.999	0.9916579770594369	0.96	0.8
IL2	IL2RG	0.999	0.9749739311783107	0.96	0.4
IL2	JAK1	0.914	0.8	0	0.8
IL2	LOC102723407	0.9	0.9	0.9	0
IL20RA	IL20RB	0.999	0.9887382690302398	0.946	0.8
IL20RA	JAK1	0.9	0.9	0	0.9
IL20RB	IL22RA1	0.999	0.9868613138686131	0.937	0.8
IL20RB	IL24	0.999	0.9791449426485923	0.9	0.8
IL21R	IL2RG	0.979	0.9	0	0.9
IL21R	JAK1	0.953	0.9261730969760167	0.292	0.9
IL21R	JAK3	0.8	0.8	0	0.8
IL22RA1	IL24	0.993	0.9478623566214807	0.9	0.5
IL22RA1	JAK1	0.976	0.9	0	0.9
IL22RA1	STAT3	0.708	0.708029197080292	0.44	0.5
IL23A	IL23R	0.988	0.978415015641293	0.955	0.54
IL23R	JAK2	0.989	0.9	0	0.9
IL23R	TYK2	0.917	0.8	0	0.8
IL27	IL27RA	0.988	0.9614181438998958	0.926	0.5
IL27	IL6ST	0.947	0.9478623566214807	0.9	0.5
IL27RA	IL6ST	0.999	0.9582898852971845	0.8	0.8
IL27RA	JAK1	0.949	0.9261730969760167	0.292	0.9
IL27RA	JAK2	0.929	0.8	0	0.8
IL27RA	TYK2	0.884	0.8	0	0.8
IL2RA	IL2RB	0.999	0.9844629822732013	0.851	0.9
IL2RA	IL2RG	0.999	0.9791449426485923	0.8	0.9
IL2RA	JAK1	0.938	0.9	0	0.9
IL2RA	JAK2	0.8	0.8	0	0.8
IL2RA	JAK3	0.984	0.9	0	0.9
IL2RA	RHOA	0.9	0.9	0	0.9
IL2RA	STAT5A	0.908	0.8055265901981231	0.627	0.5
IL2RB	IL2RG	0.999	0.9947862356621481	0.95	0.9
IL2RB	JAK1	0.99	0.9433785192909281	0.457	0.9
IL2RB	JAK2	0.904	0.8523461939520335	0.292	0.8
IL2RB	JAK3	0.949	0.9261730969760167	0.292	0.9
IL2RB	RHOA	0.9	0.9	0	0.9
IL2RB	STAT5A	0.778	0.7168925964546402	0.457	0.5
IL2RG	IL4	0.999	0.9791449426485923	0.96	0.5
IL2RG	IL4R	0.999	0.9958289885297185	0.96	0.9
IL2RG	IL7	0.993	0.7304483837330553	0.483	0.5
IL2RG	IL7R	0.996	0.8333680917622523	0.201	0.8
IL2RG	IL9R	0.922	0.8	0	0.8
IL2RG	JAK1	0.997	0.9261730969760167	0.292	0.9
IL2RG	JAK2	0.922	0.8523461939520335	0.292	0.8
IL2RG	JAK3	0.998	0.9433785192909281	0.457	0.9
IL2RG	RHOA	0.9	0.9	0	0.9
IL3	IL3RA	0.999	0.9940563086548487	0.943	0.9
IL3RA	JAK1	0.8	0.8	0	0.8
IL3RA	JAK2	0.8	0.8	0	0.8
IL3RA	JAK3	0.8	0.8	0	0.8
IL4	IL4R	0.999	0.9854014598540145	0.972	0.5
IL4R	JAK1	0.998	0.9433785192909281	0.457	0.9
IL4R	JAK2	0.958	0.9261730969760167	0.292	0.9
IL4R	JAK3	0.973	0.9261730969760167	0.292	0.9
IL4R	STAT6	0.873	0.7304483837330553	0.483	0.5
IL4R	TYK2	0.792	0.7153284671532846	0.22	0.65
IL5	IL5RA	0.999	0.9916579770594369	0.96	0.8
IL5RA	JAK1	0.756	0.7416058394160584	0.292	0.65
IL5RA	JAK2	0.756	0.7416058394160584	0.292	0.65
IL6	IL6R	0.999	0.9965589155370177	0.967	0.9
IL6	IL6ST	0.999	0.9903649635036497	0.967	0.72
IL6R	IL6ST	0.999	0.9940563086548487	0.943	0.9
IL6R	JAK1	0.921	0.8523461939520335	0.292	0.8
IL6R	JAK2	0.8	0.8	0	0.8
IL6R	JAK3	0.8	0.8	0	0.8
IL6ST	JAK1	0.992	0.967778936392075	0.691	0.9
IL6ST	JAK2	0.967	0.8523461939520335	0.292	0.8
IL6ST	LIFR	0.996	0.9433785192909281	0.457	0.9
IL6ST	OSM	0.927	0.7168925964546402	0.457	0.5
IL6ST	OSMR	0.957	0.8867570385818561	0.457	0.8
IL6ST	PTPN11	0.867	0.7168925964546402	0.457	0.5
IL6ST	SOCS3	0.964	0.7168925964546402	0.457	0.5
IL6ST	TYK2	0.917	0.7416058394160584	0.292	0.65
IL7	IL7R	0.999	0.9791449426485923	0.96	0.5
IL7R	JAK1	0.986	0.9	0	0.9
IL7R	JAK2	0.815	0.8	0	0.8
IL7R	JAK3	0.932	0.8523461939520335	0.292	0.8
IL9	IL9R	0.984	0.9025026068821689	0.813	0.5
IL9R	JAK1	0.926	0.9261730969760167	0.292	0.9
INPP5D	INPPL1	0.912	0.9128258602711158	0.164	0.9
INPP5D	LYN	0.95	0.9261730969760167	0.292	0.9
INPP5D	PIK3R1	0.716	0.7168925964546402	0.457	0.5
INPP5D	PTPN11	0.716	0.7168925964546402	0.457	0.5
INPP5D	SHC1	0.909	0.7168925964546402	0.457	0.5
INPPL1	PIK3R1	0.799	0.7997914494264858	0.616	0.5
INPPL1	PLCG2	0.8	0.8	0	0.8
INPPL1	PTPN11	0.8	0.8	0	0.8
INPPL1	SHC1	0.979	0.9197080291970803	0.615	0.8
INPPL1	SRC	0.841	0.8	0	0.8
INPPL1	YES1	0.804	0.8045881126173097	0.063	0.8
INS	INS-IGF2	0.9	0.9	0.9	0
INS	INSR	0.999	0.9931178310740355	0.967	0.8
INS	PDGFA	0.9	0.9	0	0.9
INS	PDGFB	0.9	0.9	0	0.9
INS	TGFA	0.9	0.9	0	0.9
INS-IGF2	INSR	0.923	0.9	0.9	0
INSR	INSRR	0.98	0.9453180396246089	0.886	0.54
INSR	IRS1	0.997	0.9736183524504692	0.945	0.54
INSR	IRS2	0.977	0.9713242961418144	0.945	0.5
INSR	PTPN1	0.97	0.96	0.96	0
INSR	SHC1	0.885	0.7168925964546402	0.457	0.5
INSRR	PTPN1	0.909	0.909	0.909	0
IRAK1	IRAK2	0.998	0.946089676746611	0.483	0.9
IRAK1	IRAK4	0.999	0.9543274244004172	0.562	0.9
IRAK1	IRF7	0.973	0.7064650677789364	0.437	0.5
IRAK1	MAP3K7	0.808	0.7168925964546402	0.457	0.5
IRAK1	MYD88	0.998	0.8871741397288843	0.459	0.8
IRAK1	PELI1	0.986	0.7168925964546402	0.457	0.5
IRAK1	PELI2	0.97	0.7168925964546402	0.457	0.5
IRAK1	PELI3	0.968	0.7168925964546402	0.457	0.5
IRAK1	SQSTM1	0.886	0.8867570385818561	0.457	0.8
IRAK1	TAB2	0.986	0.8613138686131387	0.734	0.5
IRAK1	TOLLIP	0.989	0.7168925964546402	0.457	0.5
IRAK1	TRAF6	0.999	0.9433785192909281	0.457	0.9
IRAK2	IRAK4	0.999	0.9791449426485923	0.96	0.5
IRAK2	MYD88	0.999	0.9582898852971845	0.92	0.5
IRAK2	TRAF6	0.999	0.9433785192909281	0.457	0.9
IRAK3	TRAF6	0.928	0.8867570385818561	0.457	0.8
IRAK4	MYD88	0.999	0.9924921793534932	0.964	0.8
IRAK4	PELI1	0.96	0.7168925964546402	0.457	0.5
IRAK4	PELI2	0.898	0.7168925964546402	0.457	0.5
IRAK4	TOLLIP	0.92	0.8	0	0.8
IRAK4	TRAF6	0.999	0.9433785192909281	0.457	0.9
IRF7	MYD88	0.994	0.7304483837330553	0.483	0.5
IRF7	TBK1	0.926	0.9261730969760167	0.292	0.9
IRF7	TRAF6	0.989	0.7168925964546402	0.457	0.5
IRF9	STAT1	0.999	0.9550573514077163	0.569	0.9
IRF9	STAT2	0.999	0.9681960375391032	0.695	0.9
IRF9	STAT3	0.969	0.9328467153284672	0.356	0.9
IRF9	STAT4	0.941	0.9090719499478624	0.128	0.9
IRF9	STAT5A	0.916	0.9034410844629823	0.074	0.9
IRF9	STAT5B	0.916	0.9034410844629823	0.074	0.9
IRF9	STAT6	0.977	0.9034410844629823	0.074	0.9
IRS1	IRS2	0.997	0.9256517205422315	0.287	0.9
IRS1	PIK3R1	0.993	0.7178310740354537	0.549	0.4
IRS1	PTPN11	0.998	0.954	0.954	0
IRS2	JAK2	0.921	0.8	0	0.8
IRS2	LYN	0.8	0.8	0	0.8
ITGA1	ITGA2	0.965	0.9	0	0.9
ITGA1	ITGA3	0.946	0.9	0	0.9
ITGA1	ITGA4	0.902	0.9	0	0.9
ITGA1	ITGA5	0.9	0.9	0	0.9
ITGA1	ITGAL	0.9	0.9	0	0.9
ITGA1	ITGAV	0.9	0.9	0	0.9
ITGA1	ITGB1	0.998	0.9433785192909281	0.457	0.9
ITGA1	ITGB2	0.931	0.9	0	0.9
ITGA1	ITGB3	0.952	0.9	0	0.9
ITGA1	ITGB5	0.925	0.9	0	0.9
ITGA1	PTK2	0.8	0.8	0	0.8
ITGA1	PXN	0.8	0.8	0	0.8
ITGA1	TLN1	0.852	0.8523461939520335	0.292	0.8
ITGA2	ITGA3	0.955	0.9	0	0.9
ITGA2	ITGA4	0.916	0.9	0	0.9
ITGA2	ITGA5	0.945	0.9	0	0.9
ITGA2	ITGAL	0.9	0.9	0	0.9
ITGA2	ITGAV	0.95	0.9	0	0.9
ITGA2	ITGB1	0.998	0.9433785192909281	0.457	0.9
ITGA2	ITGB2	0.943	0.9	0	0.9
ITGA2	ITGB3	0.925	0.9	0	0.9
ITGA2	ITGB5	0.947	0.9	0	0.9
ITGA2	PTK2	0.8	0.8	0	0.8
ITGA2B	ITGAV	0.941	0.9	0	0.9
ITGA2B	ITGB1	0.82	0.8	0	0.8
ITGA2B	ITGB3	0.999	0.9958289885297185	0.96	0.9
ITGA2B	PTK2	0.8	0.8	0	0.8
ITGA3	ITGA4	0.915	0.9	0	0.9
ITGA3	ITGA5	0.94	0.9	0	0.9
ITGA3	ITGAL	0.9	0.9	0	0.9
ITGA3	ITGAV	0.955	0.9	0	0.9
ITGA3	ITGB1	0.997	0.9433785192909281	0.457	0.9
ITGA3	ITGB2	0.94	0.9	0	0.9
ITGA3	ITGB3	0.917	0.9	0	0.9
ITGA3	ITGB5	0.958	0.9261730969760167	0.292	0.9
ITGA3	PTK2	0.817	0.8	0	0.8
ITGA4	ITGA5	0.957	0.9	0	0.9
ITGA4	ITGAL	0.92	0.9	0	0.9
ITGA4	ITGAV	0.934	0.9192909280500522	0.226	0.9
ITGA4	ITGB1	0.999	0.9433785192909281	0.457	0.9
ITGA4	ITGB2	0.95	0.9	0	0.9
ITGA4	ITGB3	0.971	0.9192909280500522	0.226	0.9
ITGA4	ITGB5	0.91	0.9	0	0.9
ITGA4	PTK2	0.852	0.8523461939520335	0.292	0.8
ITGA4	VCAM1	0.998	0.9034410844629823	0.074	0.9
ITGA5	ITGAL	0.92	0.9	0	0.9
ITGA5	ITGAV	0.937	0.9	0	0.9
ITGA5	ITGB1	0.999	0.9957247132429614	0.959	0.9
ITGA5	ITGB2	0.965	0.9	0	0.9
ITGA5	ITGB3	0.991	0.9433785192909281	0.457	0.9
ITGA5	ITGB5	0.958	0.9261730969760167	0.292	0.9
ITGA5	PTK2	0.8	0.8	0	0.8
ITGA5	TLN1	0.936	0.9192909280500522	0.226	0.9
ITGA5	TLN2	0.921	0.9	0	0.9
ITGA5	VEGFA	0.716	0.7168925964546402	0.457	0.5
ITGA5	VTN	0.94	0.7199999999999999	0	0.72
ITGA6	ITGB1	0.999	0.9957247132429614	0.959	0.9
ITGA6	PTK2	0.825	0.8	0	0.8
ITGA9	ITGB1	0.986	0.9554744525547445	0.573	0.9
ITGA9	PTK2	0.8	0.8	0	0.8
ITGAL	ITGAM	0.991	0.9	0	0.9
ITGAL	ITGAV	0.9	0.9	0	0.9
ITGAL	ITGB1	0.905	0.9	0	0.9
ITGAL	ITGB2	0.999	0.9922836287799791	0.926	0.9
ITGAL	ITGB3	0.905	0.9	0	0.9
ITGAL	ITGB5	0.905	0.9	0	0.9
ITGAM	ITGB1	0.905	0.9	0	0.9
ITGAM	ITGB2	0.999	0.9922836287799791	0.926	0.9
ITGAV	ITGB1	0.996	0.9433785192909281	0.457	0.9
ITGAV	ITGB2	0.949	0.9	0	0.9
ITGAV	ITGB3	0.999	0.9958289885297185	0.96	0.9
ITGAV	ITGB5	0.991	0.9433785192909281	0.457	0.9
ITGAV	PTK2	0.913	0.9136600625651721	0.586	0.8
ITGAV	TGFB1	0.988	0.9796663190823774	0.961	0.5
ITGB1	ITGB2	0.983	0.9	0	0.9
ITGB1	ITGB3	0.984	0.9192909280500522	0.226	0.9
ITGB1	ITGB5	0.952	0.9	0	0.9
ITGB1	LAMA1	0.827	0.7416058394160584	0.292	0.65
ITGB1	PRKCA	0.837	0.8018248175182483	0.457	0.65
ITGB1	PTK2	0.936	0.8867570385818561	0.457	0.8
ITGB1	TLN1	0.998	0.9433785192909281	0.457	0.9
ITGB1	TLN2	0.992	0.9	0	0.9
ITGB1	VCAM1	0.998	0.9286757038581857	0.316	0.9
ITGB1	VEGFA	0.716	0.7168925964546402	0.457	0.5
ITGB2	ITGB3	0.967	0.9	0	0.9
ITGB2	ITGB5	0.914	0.9	0	0.9
ITGB3	ITGB5	0.943	0.9	0	0.9
ITGB3	PTK2	0.933	0.8867570385818561	0.457	0.8
ITGB3	SHC1	0.961	0.9614181438998958	0.926	0.5
ITGB3	THBS1	0.777	0.7168925964546402	0.457	0.5
ITGB3	TLN1	0.991	0.8138686131386861	0.49	0.65
ITGB3	VTN	0.993	0.7199999999999999	0	0.72
ITGB5	PTK2	0.897	0.8867570385818561	0.457	0.8
ITGB5	PXN	0.819	0.8	0	0.8
ITGB5	TLN1	0.865	0.8	0	0.8
ITGB5	TLN2	0.804	0.7416058394160584	0.292	0.65
ITGB5	VTN	0.92	0.7033368091762252	0.431	0.5
ITK	LAT	0.808	0.7168925964546402	0.457	0.5
ITK	LCP2	0.998	0.9433785192909281	0.457	0.9
JAK1	JAK2	0.998	0.9433785192909281	0.457	0.9
JAK1	JAK3	0.998	0.9433785192909281	0.457	0.9
JAK1	LYN	0.8	0.8	0	0.8
JAK1	OSMR	0.98	0.9509906152241918	0.53	0.9
JAK1	PTPN11	0.841	0.7168925964546402	0.457	0.5
JAK1	SOCS1	0.995	0.9433785192909281	0.457	0.9
JAK1	SOCS3	0.998	0.9483837330552659	0.505	0.9
JAK1	STAT2	0.906	0.8	0	0.8
JAK1	STAT3	0.994	0.7168925964546402	0.457	0.5
JAK1	TYK2	0.998	0.9261730969760167	0.292	0.9
JAK2	JAK3	0.973	0.9261730969760167	0.292	0.9
JAK2	LEPR	0.989	0.9768508863399374	0.926	0.7
JAK2	LYN	0.907	0.8523461939520335	0.292	0.8
JAK2	OSMR	0.867	0.8	0	0.8
JAK2	PTPN1	0.886	0.7168925964546402	0.457	0.5
JAK2	PTPN11	0.946	0.7168925964546402	0.457	0.5
JAK2	PTPN6	0.835	0.7168925964546402	0.457	0.5
JAK2	SH2B1	0.966	0.7168925964546402	0.457	0.5
JAK2	SOCS1	0.998	0.9433785192909281	0.457	0.9
JAK2	SOCS3	0.996	0.8274244004171012	0.669	0.5
JAK2	STAT1	0.99	0.7168925964546402	0.457	0.5
JAK2	STAT3	0.992	0.7168925964546402	0.457	0.5
JAK2	STAT5A	0.988	0.7168925964546402	0.457	0.5
JAK2	STAT5B	0.983	0.7168925964546402	0.457	0.5
JAK2	SYK	0.8	0.8	0	0.8
JAK2	TYK2	0.996	0.8523461939520335	0.292	0.8
JAK2	VAV1	0.736	0.7168925964546402	0.457	0.5
JAK3	LEPR	0.77	0.7416058394160584	0.292	0.65
JAK3	OSMR	0.8	0.8	0	0.8
JAK3	STAT5A	0.923	0.7168925964546402	0.457	0.5
JUN	MAPK8	0.977	0.9490093847758082	0.511	0.9
JUN	NCOA1	0.9	0.8867570385818561	0.457	0.8
JUN	SP1	0.976	0.9433785192909281	0.457	0.9
KAT2B	MAP3K7	0.72	0.7199999999999999	0	0.72
KAT2B	NCOA1	0.985	0.8867570385818561	0.457	0.8
KAT2B	NCOA2	0.896	0.8	0	0.8
KAT2B	SUPT20H	0.958	0.9007299270072993	0.66	0.72
KCNE1B	KCNQ1	0.919	0.9	0	0.9
KDM1A	MSH2	0.9	0.9	0	0.9
KDM1A	MSH6	0.9	0.9	0	0.9
KIF5A	KIF5B	0.958	0.9573514077163713	0.591	0.9
KIT	KITLG	0.999	0.9916579770594369	0.96	0.8
KIT	LYN	0.879	0.7168925964546402	0.457	0.5
KIT	PIK3R1	0.835	0.713451511991658	0.542	0.4
KIT	PRKCA	0.9	0.9	0	0.9
KIT	PTPN6	0.716	0.7168925964546402	0.457	0.5
KIT	STAT1	0.761	0.7612095933263817	0.542	0.5
LAT	LCK	0.866	0.7168925964546402	0.457	0.5
LAT	LCP2	0.993	0.7168925964546402	0.457	0.5
LAT	PLCG2	0.764	0.764859228362878	0.549	0.5
LAT	VAV1	0.942	0.7168925964546402	0.457	0.5
LAT	ZAP70	0.981	0.7168925964546402	0.457	0.5
LCK	LCP2	0.987	0.7168925964546402	0.457	0.5
LCK	LYN	0.882	0.7359749739311784	0.578	0.4
LCK	PTPN6	0.755	0.7168925964546402	0.457	0.5
LCK	STAT3	0.906	0.7726798748696558	0.564	0.5
LCK	SYK	0.963	0.7168925964546402	0.457	0.5
LCK	TRAF2	0.902	0.9	0	0.9
LCK	TRAF6	0.902	0.9	0	0.9
LCN2	SLC22A17	0.981	0.7	0	0.7
LCP2	PLCG2	0.986	0.9	0	0.9
LCP2	VAV1	0.998	0.9433785192909281	0.457	0.9
LCP2	VAV2	0.991	0.9	0	0.9
LCP2	ZAP70	0.994	0.7168925964546402	0.457	0.5
LDB1	TAL1	0.999	0.9762252346193951	0.886	0.8
LDB1	TCF7L2	0.72	0.7199999999999999	0	0.72
LDB1	TLE1	0.9	0.9	0	0.9
LDB1	TLE3	0.9	0.9	0	0.9
LEF1	RUNX3	0.7	0.7	0	0.7
LEF1	TCF7L2	0.755	0.7395411887382691	0.457	0.54
LEF1	TLE1	0.893	0.8167674661105317	0.618	0.54
LEP	LEPR	0.995	0.7528675703858185	0.526	0.5
LEP	PRL	0.95	0.9	0	0.9
LEPR	PTPN11	0.804	0.764859228362878	0.549	0.5
LEPR	SOCS3	0.919	0.7168925964546402	0.457	0.5
LIFR	OSM	0.993	0.7168925964546402	0.457	0.5
LOC102723407	MET	0.9	0.9	0.9	0
LOC102723407	SYK	0.9	0.9	0	0.9
LOC102723407	TNFRSF10B	0.9	0.9	0.9	0
LOC102723407	TNFRSF9	0.9	0.9	0.9	0
LOC102723407	TNFSF10	0.8	0.8	0.8	0
LRP1	LRP2	0.916	0.9	0	0.9
LTA	LTB	0.999	0.9940563086548487	0.943	0.9
LTA	LTBR	0.997	0.9228362877997914	0.852	0.5
LTA	TNF	0.973	0.9261730969760167	0.292	0.9
LTA	TNFRSF1A	0.999	0.9791449426485923	0.96	0.5
LTA	TNFRSF1B	0.995	0.7528675703858185	0.526	0.5
LTB	LTBR	0.998	0.9478623566214807	0.9	0.5
LTBR	TNFSF14	0.994	0.7168925964546402	0.457	0.5
LTBR	TRAF2	0.945	0.9433785192909281	0.457	0.9
LTBR	TRAF3	0.994	0.9601668404588113	0.618	0.9
LTBR	TRAF5	0.975	0.9433785192909281	0.457	0.9
LY96	TLR4	0.999	0.9962460896767465	0.964	0.9
LY96	TRIL	0.9	0.9	0	0.9
LYN	PIK3CG	0.808	0.7168925964546402	0.457	0.5
LYN	SHC1	0.868	0.7168925964546402	0.457	0.5
LYN	SRC	0.983	0.9574556830031283	0.592	0.9
LYN	STAT3	0.841	0.7168925964546402	0.457	0.5
LYN	YES1	0.796	0.7003128258602712	0.521	0.4
MADD	TNF	0.842	0.7	0	0.7
MADD	TNFRSF1A	0.815	0.7785192909280501	0.292	0.7
MAP3K5	TRAF2	0.997	0.8414598540145986	0.457	0.72
MAP3K5	TXN	0.999	0.9433785192909281	0.457	0.9
MAP3K7	NOD2	0.725	0.7168925964546402	0.457	0.5
MAP3K7	PRKCQ	0.716	0.7168925964546402	0.457	0.5
MAP3K7	RIPK1	0.954	0.7168925964546402	0.457	0.5
MAP3K7	SUPT20H	0.793	0.7932846715328467	0.292	0.72
MAP3K7	TAB1	0.999	0.9723670490093848	0.735	0.9
MAP3K7	TAB2	0.999	0.9722627737226278	0.734	0.9
MAP3K7	TAB3	0.999	0.9604796663190823	0.621	0.9
MAP3K7	TLR3	0.743	0.7429614181438999	0.507	0.5
MAP3K7	TNF	0.882	0.8613138686131387	0.734	0.5
MAP3K7	TNFRSF1A	0.891	0.8613138686131387	0.734	0.5
MAP3K7	TRAF2	0.782	0.7721584984358707	0.563	0.5
MAP3K7	TRAF6	0.998	0.8976016684045881	0.509	0.8
MAPK1	SH3GL2	0.8	0.8	0	0.8
MAPK1	STAT3	0.984	0.926	0.926	0
MASP2	MBL2	0.997	0.9529718456725755	0.549	0.9
MC1R	POMC	0.999	0.953701772679875	0.926	0.4
MC4R	POMC	0.995	0.7760166840458812	0.642	0.4
MMP1	MMP2	0.906	0.9	0	0.9
MMP1	MMP3	0.955	0.9	0	0.9
MMP1	MMP9	0.962	0.9	0	0.9
MMP1	TIMP1	0.982	0.926	0.926	0
MMP10	TIMP1	0.92	0.92	0.92	0
MMP10	TIMP2	0.927	0.904	0.904	0
MMP14	MMP2	0.994	0.9	0	0.9
MMP14	TIMP1	0.999	0.962	0.962	0
MMP14	TIMP2	0.999	0.9642335766423358	0.657	0.9
MMP2	MMP9	0.9	0.9	0	0.9
MMP2	TIMP2	0.999	0.9796663190823774	0.961	0.5
MMP3	MMP9	0.929	0.9	0	0.9
MMP3	TIMP1	0.998	0.946	0.946	0
MMP9	TIMP1	0.999	0.940667361835245	0.431	0.9
MSH2	MSH6	0.999	0.997497393117831	0.976	0.9
MSN	VCAM1	0.974	0.9301355578727841	0.33	0.9
MT-CYB	ND1	0.863	0.863	0.863	0
MT-CYB	ND4L	0.866	0.866	0.866	0
MTR	MTRR	0.88	0.8805005213764338	0.618	0.7
MTRR	SMS	0.724	0.724	0.724	0
MYD88	TIRAP	0.998	0.8867570385818561	0.457	0.8
MYD88	TLR7	0.998	0.9103232533889468	0.14	0.9
MYD88	TLR9	0.997	0.8404588112617309	0.49	0.7
MYD88	TOLLIP	0.992	0.8	0	0.8
MYD88	TRAF6	0.997	0.8867570385818561	0.457	0.8
NCF1	NCF2	0.999	0.9947862356621481	0.95	0.9
NCF1	NCF4	0.999	0.9958289885297185	0.96	0.9
NCF1	NOX1	0.998	0.9	0	0.9
NCF1	NOX3	0.942	0.8	0	0.8
NCF1	NOXA1	0.997	0.7751824817518248	0.23	0.72
NCF1	NOXO1	0.994	0.7199999999999999	0	0.72
NCF1	RAC2	0.996	0.8	0	0.8
NCF2	NCF4	0.999	0.9687174139728885	0.7	0.9
NCF2	NOX1	0.998	0.9	0	0.9
NCF2	NOXA1	0.994	0.7199999999999999	0	0.72
NCF2	NOXO1	0.995	0.7199999999999999	0	0.72
NCF2	RAC1	0.998	0.9808133472367049	0.96	0.54
NCF2	RAC2	0.998	0.9115745568300312	0.576	0.8
NCF4	NOX1	0.996	0.9	0	0.9
NCF4	NOXA1	0.995	0.7778102189781022	0.239	0.72
NCF4	NOXO1	0.994	0.7199999999999999	0	0.72
NCF4	RAC2	0.996	0.8	0	0.8
NCOA1	NCOA2	0.992	0.9433785192909281	0.457	0.9
NCOA1	NR1I2	0.99	0.963	0.963	0
NCOA1	NR1I3	0.897	0.835	0.835	0
NCOA1	NR3C1	0.978	0.958	0.958	0
NCOA1	PPARA	0.992	0.9796663190823774	0.961	0.5
NCOA1	PPARG	0.994	0.9796663190823774	0.961	0.5
NCOA1	RXRA	0.996	0.9941605839416058	0.972	0.8
NCOA1	RXRG	0.759	0.759124087591241	0.34	0.65
NCOA1	SP1	0.8	0.8	0	0.8
NCOA1	STAT6	0.992	0.96	0.96	0
NCOA2	NR3C1	0.99	0.971	0.971	0
NCOA2	PPARA	0.759	0.7403545359749738	0.502	0.5
NCOA2	PPARG	0.993	0.9728884254431699	0.948	0.5
NCOA2	RXRA	0.995	0.9941605839416058	0.972	0.8
NCOA2	RXRG	0.974	0.9748175182481752	0.931	0.65
NCOR1	NCOR2	0.997	0.8867570385818561	0.457	0.8
NCOR1	NR3C1	0.981	0.970281543274244	0.943	0.5
NCOR1	PPARA	0.94	0.7304483837330553	0.483	0.5
NCOR1	PPARD	0.894	0.7304483837330553	0.483	0.5
NCOR1	PPARG	0.998	0.9718456725755996	0.946	0.5
NCOR1	RXRA	0.881	0.804014598540146	0.463	0.65
NCOR1	SIN3A	0.999	0.9433785192909281	0.457	0.9
NCOR1	TAB2	0.998	0.9336809176225235	0.364	0.9
NCOR2	NR1I2	0.725	0.7168925964546402	0.457	0.5
NCOR2	NR3C1	0.8	0.7168925964546402	0.457	0.5
NCOR2	PPARA	0.992	0.9791449426485923	0.96	0.5
NCOR2	PPARD	0.811	0.7168925964546402	0.457	0.5
NCOR2	PPARG	0.994	0.970281543274244	0.943	0.5
NCOR2	RBPJ	0.977	0.7168925964546402	0.457	0.5
NCOR2	RXRA	0.985	0.9765380604796663	0.955	0.5
NCOR2	SIN3A	0.996	0.8867570385818561	0.457	0.8
ND1	ND4L	0.999	0.9948050052137644	0.947	0.906
NEO1	RGMB	0.982	0.9494264859228363	0.903	0.5
NFKB1	NFKB2	0.999	0.9636079249217935	0.651	0.9
NFKB1	NFKBIB	0.966	0.819082377476538	0.653	0.5
NFKB1	NFKBIE	0.929	0.7612095933263817	0.542	0.5
NFKB1	NFKBIZ	0.982	0.9334723670490094	0.362	0.9
NFKB1	REL	0.999	0.9660062565172054	0.674	0.9
NFKB1	RELA	0.999	0.9957247132429614	0.959	0.9
NFKB1	RELB	0.998	0.8963920750782064	0.784	0.54
NFKB1	TXN	0.957	0.957	0.957	0
NFKB2	NFKBIB	0.928	0.8300312825860271	0.674	0.5
NFKB2	REL	0.997	0.8719290928050052	0.733	0.54
NFKB2	RELA	0.999	0.9600625651720542	0.617	0.9
NFKB2	RELB	0.999	0.997080291970803	0.972	0.9
NFKBIB	NFKBIE	0.989	0.9	0	0.9
NFKBIB	REL	0.991	0.8415015641293013	0.696	0.5
NFKBIB	RELA	0.995	0.8988529718456726	0.806	0.5
NFKBIE	REL	0.99	0.8284671532846715	0.671	0.5
NFKBIE	RELA	0.962	0.8460896767466111	0.508	0.7
NFKBIZ	RELA	0.931	0.9	0	0.9
NOX1	NOX4	0.998	0.9	0	0.9
NOX1	NOXA1	0.996	0.8867570385818561	0.457	0.8
NOX1	NOXO1	0.997	0.8523461939520335	0.292	0.8
NOX1	RAC2	0.897	0.8	0	0.8
NOXA1	NOXO1	0.998	0.8867570385818561	0.457	0.8
NPS	NPSR1	0.997	0.9	0	0.9
NR0B2	PPARG	0.94	0.926	0.926	0
NR1I2	RXRA	0.998	0.949	0.949	0
NR1I3	RXRA	0.962	0.857	0.857	0
NRIP1	PPARGC1A	0.963	0.8523461939520335	0.292	0.8
NRIP1	RXRA	0.716	0.7168925964546402	0.457	0.5
NRIP1	TLE3	0.8	0.8	0	0.8
NTRK1	SHC1	0.997	0.9744525547445255	0.951	0.5
OPRM1	POMC	0.999	0.9687174139728885	0.9	0.7
PDGFA	PDGFB	0.998	0.9397288842544318	0.422	0.9
PDGFA	PDGFRA	0.998	0.9055265901981231	0.547	0.8
PDGFA	TGFA	0.9	0.9	0	0.9
PDGFB	PDGFRA	0.998	0.90281543274244	0.534	0.8
PDGFB	PDGFRB	0.999	0.9916579770594369	0.96	0.8
PDGFB	TGFA	0.9	0.9	0	0.9
PDGFRA	PDGFRB	0.969	0.9433785192909281	0.457	0.9
PDGFRA	PIK3R1	0.851	0.7854014598540147	0.657	0.4
PDGFRA	STAT1	0.873	0.8736183524504693	0.596	0.7
PDGFRA	STAT3	0.911	0.8736183524504693	0.596	0.7
PDGFRB	PIK3R1	0.956	0.7366006256517205	0.579	0.4
PDGFRB	PTPN11	0.972	0.7610010427528676	0.618	0.4
PDGFRB	STAT1	0.709	0.7022940563086549	0.429	0.5
PDGFRB	STAT5A	0.766	0.7653806047966631	0.55	0.5
PELI1	RIPK1	0.947	0.8867570385818561	0.457	0.8
PELI1	TRAF6	0.937	0.7168925964546402	0.457	0.5
PELI2	TRAF6	0.9	0.7168925964546402	0.457	0.5
PELI3	TRAF6	0.862	0.7168925964546402	0.457	0.5
PF4	PF4V1	0.915	0.9	0	0.9
PF4	XCL1	0.734	0.734	0.734	0
PF4	XCL2	0.734	0.734	0.734	0
PF4V1	XCL1	0.734	0.734	0.734	0
PF4V1	XCL2	0.734	0.734	0.734	0
PIAS1	STAT1	0.995	0.8211678832116788	0.657	0.5
PIK3CA	PIK3CB	0.998	0.9	0	0.9
PIK3CA	PIK3CG	0.996	0.9	0	0.9
PIK3CA	PIK3R1	0.999	0.9987267987486965	0.963	0.967
PIK3CA	PIK3R2	0.999	0.9683607924921793	0.611	0.922
PIK3CA	PIK3R3	0.999	0.9786861313868613	0.635	0.944
PIK3CA	PLCG2	0.9	0.9	0	0.9
PIK3CA	PTK2	0.734	0.7168925964546402	0.457	0.5
PIK3CA	PTPN11	0.953	0.9490093847758082	0.511	0.9
PIK3CB	PIK3CG	0.996	0.9	0	0.9
PIK3CB	PIK3R1	0.999	0.9677664233576642	0.678	0.904
PIK3CB	PIK3R2	0.999	0.9765755995828989	0.766	0.904
PIK3CB	PIK3R3	0.999	0.9658644421272159	0.659	0.904
PIK3CB	PLCG2	0.9	0.9	0	0.9
PIK3CB	PTPN11	0.9	0.9	0	0.9
PIK3CG	PIK3R1	0.996	0.9322294056308654	0.323	0.904
PIK3CG	PIK3R2	0.997	0.9082043795620437	0.083	0.904
PIK3CG	PIK3R3	0.997	0.9082043795620437	0.083	0.904
PIK3R1	PIK3R2	0.998	0.9654848800834201	0.669	0.9
PIK3R1	PIK3R3	0.995	0.9802043795620438	0.661	0.944
PIK3R1	PLCG2	0.973	0.9597497393117832	0.614	0.9
PIK3R1	PTK2	0.72	0.7168925964546402	0.457	0.5
PIK3R1	PTPN11	0.957	0.9490093847758082	0.511	0.9
PIK3R1	SHC1	0.762	0.7572471324296142	0.612	0.4
PIK3R1	SOCS1	0.768	0.7683211678832117	0.517	0.54
PIK3R1	SOS1	0.824	0.7982273201251303	0.613	0.5
PIK3R1	SRC	0.862	0.7491136600625652	0.599	0.4
PIK3R1	SYK	0.744	0.7168925964546402	0.457	0.5
PIK3R1	YWHAZ	0.934	0.7450469238790407	0.511	0.5
PIK3R2	PIK3R3	0.998	0.9639207507820646	0.654	0.9
PIK3R2	PLCG2	0.9	0.9	0	0.9
PIK3R2	PTPN11	0.943	0.9401459854014598	0.426	0.9
PIK3R3	PLCG2	0.9	0.9	0	0.9
PIK3R3	PTK2	0.74	0.7408759124087592	0.503	0.5
PIK3R3	PTPN11	0.917	0.913451511991658	0.17	0.9
PLAU	PLAUR	0.999	0.9958289885297185	0.96	0.9
PLAU	SERPINE1	0.999	0.9808133472367049	0.96	0.54
PLAU	VTN	0.995	0.9040667361835246	0.8	0.54
PLAUR	VTN	0.999	0.9740980187695516	0.946	0.54
PLCG2	PTPN11	0.909	0.8523461939520335	0.292	0.8
PLCG2	RAC2	0.933	0.9	0.9	0
PLCG2	SHC1	0.886	0.8867570385818561	0.457	0.8
PLCG2	SRC	0.871	0.8	0	0.8
PLCG2	YES1	0.8	0.8	0	0.8
PLD2	PLD4	0.9	0.9	0	0.9
PLD2	RAC2	0.809	0.737747653806048	0.497	0.5
PML	RUNX1	0.943	0.9433785192909281	0.457	0.9
PML	SPI1	0.852	0.8523461939520335	0.292	0.8
PML	TP53	0.761	0.7612095933263817	0.542	0.5
PPARA	PPARGC1A	0.999	0.9889468196037539	0.947	0.8
PPARA	RXRA	0.998	0.946089676746611	0.483	0.9
PPARA	RXRG	0.858	0.8583941605839417	0.321	0.8
PPARD	RXRA	0.988	0.946089676746611	0.483	0.9
PPARD	RXRG	0.873	0.8667361835245048	0.361	0.8
PPARG	PPARGC1A	0.999	0.9796663190823774	0.961	0.5
PPARG	RXRA	0.999	0.9962460896767465	0.964	0.9
PPARG	RXRG	0.948	0.9331595411887382	0.359	0.9
PPARG	SMARCA4	0.953	0.9261730969760167	0.292	0.9
PPARGC1A	RXRA	0.761	0.7267987486965589	0.476	0.5
PRKCA	PRKCD	0.948	0.9428571428571428	0.452	0.9
PRKCA	SDC4	0.987	0.7785192909280501	0.292	0.7
PRKCD	PRKCQ	0.933	0.9339937434827946	0.367	0.9
PRKCQ	TRAF6	0.7	0.7	0	0.7
PRKCZ	PTEN	0.9	0.9	0	0.9
PSTPIP1	PTPN22	0.926	0.926	0.926	0
PTGS1	PTGS2	0.935	0.9261730969760167	0.292	0.9
PTK2	PTPN11	0.801	0.734	0.734	0
PTK2	PXN	0.996	0.7992700729927007	0.615	0.5
PTK2	SOS1	0.947	0.9445255474452555	0.734	0.8
PTK2	SRC	0.999	0.9623566214807091	0.639	0.9
PTK2	TLN1	0.998	0.9433785192909281	0.457	0.9
PTK2	TLN2	0.998	0.9	0	0.9
PTPN1	PTPN11	0.9	0.9	0	0.9
PTPN11	PTPN6	0.947	0.9039624608967675	0.079	0.9
PTPN11	RUNX1	0.9	0.9	0	0.9
PTPN11	SHC1	0.995	0.826903023983316	0.17	0.8
PTPN11	SOS1	0.99	0.734	0.734	0
PTPN11	SRC	0.996	0.8867570385818561	0.457	0.8
PTPN11	STAT3	0.915	0.7168925964546402	0.457	0.5
PTPN11	STAT5A	0.921	0.8867570385818561	0.457	0.8
PTPN11	STAT5B	0.882	0.8523461939520335	0.292	0.8
PTPN11	SYK	0.945	0.9	0	0.9
PTPN11	TXNIP	0.96	0.96	0.96	0
PTPN11	YES1	0.8	0.8	0	0.8
PXN	SRC	0.999	0.9433785192909281	0.457	0.9
PXN	TLN1	0.998	0.8867570385818561	0.457	0.8
RAC1	RAC2	0.811	0.8114911366006257	0.607	0.54
RAC1	VAV1	0.779	0.7610010427528676	0.618	0.4
RAC2	RHOA	0.914	0.9129301355578728	0.165	0.9
REL	RELA	0.997	0.843628779979145	0.674	0.54
REL	RELB	0.997	0.843628779979145	0.674	0.54
RELA	RELB	0.999	0.9615224191866528	0.631	0.9
RGMA	RGMB	0.9	0.9	0	0.9
RIPK1	TAB2	0.992	0.8613138686131387	0.734	0.5
RIPK1	TLR3	0.761	0.7518248175182481	0.524	0.5
RIPK1	TNF	0.956	0.8613138686131387	0.734	0.5
RIPK1	TNFAIP3	0.943	0.9433785192909281	0.457	0.9
RIPK1	TNFRSF10B	0.927	0.7168925964546402	0.457	0.5
RIPK1	TNFRSF1A	0.997	0.8613138686131387	0.734	0.5
RIPK1	TNFSF10	0.869	0.7168925964546402	0.457	0.5
RIPK1	TRADD	0.999	0.9722627737226278	0.734	0.9
RIPK1	TRAF1	0.954	0.8867570385818561	0.457	0.8
RIPK1	TRAF2	0.999	0.9445255474452555	0.734	0.8
RIPK1	TRAF5	0.997	0.8867570385818561	0.457	0.8
RIPK1	TRAF6	0.992	0.8	0	0.8
RUNX1	RUNX3	0.978	0.9	0	0.9
RUNX1	SPI1	0.92	0.8523461939520335	0.292	0.8
RUNX1	SRC	0.9	0.9	0	0.9
RUNX1	TAL1	0.986	0.8867570385818561	0.457	0.8
RUNX2	STAT1	0.913	0.7	0	0.7
RUNX2	STUB1	0.778	0.7785192909280501	0.292	0.7
RUNX3	SMAD3	0.895	0.7168925964546402	0.457	0.5
RUNX3	SRC	0.9	0.9	0	0.9
RUNX3	TCF7L2	0.865	0.7785192909280501	0.292	0.7
RUNX3	TP53	0.837	0.7785192909280501	0.292	0.7
RXRA	RXRG	0.938	0.9388946819603754	0.414	0.9
S100A8	S100A9	0.999	0.9941605839416058	0.944	0.9
SDC1	SDC4	0.9	0.9	0	0.9
SDC1	THBS1	0.949	0.7	0	0.7
SDC4	TGFB1	0.8	0.8	0	0.8
SERPINE1	VTN	0.999	0.9958289885297185	0.96	0.9
SHARPIN	TNF	0.861	0.8613138686131387	0.734	0.5
SHARPIN	TNFRSF1A	0.872	0.8613138686131387	0.734	0.5
SHARPIN	TRAF2	0.9	0.9	0	0.9
SHARPIN	TRAF5	0.9	0.9	0	0.9
SHC1	SRC	0.997	0.8867570385818561	0.457	0.8
SHC1	YES1	0.912	0.8523461939520335	0.292	0.8
SIN3A	STAT3	0.895	0.7785192909280501	0.292	0.7
SIN3A	TP53	0.862	0.7168925964546402	0.457	0.5
SIRT1	SUV39H1	0.998	0.9433785192909281	0.457	0.9
SLC19A2	SLC19A3	0.9	0.9	0	0.9
SMAD3	SP1	0.889	0.7168925964546402	0.457	0.5
SMAD3	STUB1	0.957	0.946089676746611	0.483	0.9
SOCS1	SOCS3	0.94	0.9	0	0.9
SOCS1	TYK2	0.998	0.9395203336809177	0.42	0.9
SOCS3	TYK2	0.997	0.9089676746611054	0.127	0.9
SOD1	SOD2	0.934	0.9340980187695517	0.368	0.9
SOS1	YWHAZ	0.923	0.9	0.9	0
SPI1	TAL1	0.8	0.8	0	0.8
SQSTM1	TRAF2	0.903	0.9030239833159541	0.07	0.9
SQSTM1	TRAF6	0.998	0.9433785192909281	0.457	0.9
SRC	STAT1	0.728	0.7168925964546402	0.457	0.5
SRC	STAT3	0.994	0.7168925964546402	0.457	0.5
SRC	SYK	0.99	0.7168925964546402	0.457	0.5
SRC	TLN1	0.998	0.9261730969760167	0.292	0.9
SRC	TLN2	0.998	0.9	0	0.9
SRC	YES1	0.972	0.9720542231491137	0.866	0.8
STAT1	STAT2	0.999	0.95140771637122	0.534	0.9
STAT1	STAT3	0.999	0.9642335766423358	0.657	0.9
STAT1	STAT4	0.993	0.9433785192909281	0.457	0.9
STAT2	STAT4	0.92	0.9	0	0.9
STAT2	STAT6	0.985	0.9261730969760167	0.292	0.9
STAT2	TYK2	0.958	0.8867570385818561	0.457	0.8
STAT3	STAT4	0.97	0.9	0	0.9
STAT3	STAT5A	0.996	0.9	0	0.9
STAT3	STAT5B	0.997	0.9360792492179354	0.387	0.9
STAT3	STAT6	0.786	0.7187695516162669	0.101	0.7
STAT3	SYK	0.917	0.778415015641293	0.575	0.5
STAT4	STAT6	0.9	0.9	0	0.9
STAT5A	STAT5B	0.933	0.9282586027111575	0.312	0.9
STAT6	TBK1	0.859	0.8523461939520335	0.292	0.8
SYK	TYK2	0.8	0.8	0	0.8
SYK	VAV1	0.999	0.9643378519290928	0.943	0.4
SYK	VAV2	0.716	0.7168925964546402	0.457	0.5
SYK	ZAP70	0.974	0.9	0	0.9
TAB1	TAB2	0.999	0.9623566214807091	0.639	0.9
TAB1	TAB3	0.999	0.9604796663190823	0.621	0.9
TAB1	TNF	0.87	0.8613138686131387	0.734	0.5
TAB1	TRAF6	0.999	0.94859228362878	0.507	0.9
TAB2	TAB3	0.999	0.9604796663190823	0.621	0.9
TAB2	TNF	0.886	0.8613138686131387	0.734	0.5
TAB2	TNFRSF1A	0.861	0.8613138686131387	0.734	0.5
TAB2	TRAF2	0.896	0.7168925964546402	0.457	0.5
TAB2	TRAF6	0.999	0.9488008342022941	0.509	0.9
TAB3	TNF	0.804	0.8044838373305526	0.625	0.5
TAB3	TRAF6	0.995	0.7440041710114703	0.509	0.5
TANK	TBK1	0.999	0.9445255474452555	0.734	0.8
TANK	TNF	0.734	0.734	0.734	0
TANK	TNFRSF1A	0.734	0.734	0.734	0
TANK	TRADD	0.998	0.9	0	0.9
TANK	TRAF2	0.815	0.7982273201251303	0.613	0.5
TANK	TRAF3	0.999	0.9644421272158499	0.659	0.9
TBK1	TLR3	0.929	0.7340980187695516	0.49	0.5
TBK1	TNF	0.867	0.8613138686131387	0.734	0.5
TBK1	TNFAIP3	0.716	0.7168925964546402	0.457	0.5
TBK1	TNFRSF1A	0.861	0.8613138686131387	0.734	0.5
TBK1	TRAF2	0.889	0.8613138686131387	0.734	0.5
TBK1	TRAF3	0.997	0.8613138686131387	0.734	0.5
TBK1	TRAF5	0.779	0.734	0.734	0
TBK1	TRAF6	0.971	0.8613138686131387	0.734	0.5
TCF7L2	TLE1	0.732	0.7199999999999999	0	0.72
TCF7L2	TLE3	0.802	0.7932846715328467	0.292	0.72
TIFA	TRAF6	0.989	0.9791449426485923	0.96	0.5
TIRAP	TOLLIP	0.8	0.8	0	0.8
TLE1	TLE3	0.971	0.9637122002085505	0.652	0.9
TLN1	TLN2	0.967	0.9	0	0.9
TLR1	TLR2	0.999	0.9943691345151199	0.946	0.9
TLR1	TLR6	0.998	0.9396246089676747	0.421	0.9
TLR2	TLR4	0.998	0.9	0	0.9
TLR2	TLR5	0.962	0.9	0	0.9
TLR2	TLR6	0.999	0.9488008342022941	0.509	0.9
TLR2	TLR9	0.923	0.9	0	0.9
TLR3	TRAF6	0.8	0.7518248175182481	0.524	0.5
TLR4	TLR5	0.983	0.9	0	0.9
TLR4	TLR6	0.998	0.9261730969760167	0.292	0.9
TLR4	TLR9	0.965	0.9	0	0.9
TLR4	TRAF3	0.845	0.7168925964546402	0.457	0.5
TLR4	TRAF6	0.989	0.7434827945776852	0.508	0.5
TLR4	TRIL	0.937	0.9261730969760167	0.292	0.9
TLR7	TLR9	0.99	0.9	0	0.9
TNF	TNFAIP3	0.861	0.8613138686131387	0.734	0.5
TNF	TNFRSF1A	0.999	0.997080291970803	0.972	0.9
TNF	TNFRSF1B	0.999	0.9912408759124087	0.972	0.7
TNF	TRADD	0.997	0.8613138686131387	0.734	0.5
TNF	TRAF2	0.972	0.8613138686131387	0.734	0.5
TNF	TRAF3	0.875	0.8044838373305526	0.625	0.5
TNFAIP3	TNFRSF1A	0.861	0.8613138686131387	0.734	0.5
TNFAIP3	TRAF2	0.731	0.7168925964546402	0.457	0.5
TNFAIP3	TRAF6	0.901	0.7168925964546402	0.457	0.5
TNFRSF10A	TNFRSF10B	0.994	0.9433785192909281	0.457	0.9
TNFRSF10A	TNFSF10	0.999	0.9849843587069864	0.952	0.7
TNFRSF10B	TNFSF10	0.999	0.9874869655891554	0.96	0.7
TNFRSF10B	TRAF2	0.8	0.7794577685088634	0.577	0.5
TNFRSF11A	TNFSF11	0.998	0.9267987486965589	0.766	0.7
TNFRSF11A	TRAF2	0.943	0.9433785192909281	0.457	0.9
TNFRSF11A	TRAF3	0.716	0.7168925964546402	0.457	0.5
TNFRSF11A	TRAF6	0.952	0.9433785192909281	0.457	0.9
TNFRSF11B	TNFSF11	0.999	0.9874869655891554	0.96	0.7
TNFRSF12A	TNFSF12	0.996	0.8138686131386861	0.405	0.7
TNFRSF12A	TRAF2	0.79	0.7168925964546402	0.457	0.5
TNFRSF13B	TNFSF13	0.996	0.9261730969760167	0.292	0.9
TNFRSF13B	TNFSF13B	0.999	0.9529718456725755	0.549	0.9
TNFRSF13C	TNFSF13B	0.999	0.9958289885297185	0.96	0.9
TNFRSF13C	TRAF2	0.931	0.9313868613138686	0.342	0.9
TNFRSF13C	TRAF3	0.993	0.9739311783107404	0.75	0.9
TNFRSF14	TNFSF14	0.998	0.946	0.946	0
TNFRSF1A	TNFRSF1B	0.973	0.9261730969760167	0.292	0.9
TNFRSF1A	TRADD	0.999	0.9722627737226278	0.734	0.9
TNFRSF1A	TRAF1	0.961	0.7168925964546402	0.457	0.5
TNFRSF1A	TRAF2	0.998	0.9223357664233577	0.734	0.72
TNFRSF1B	TRADD	0.793	0.7932846715328467	0.292	0.72
TNFRSF1B	TRAF2	0.919	0.8884671532846715	0.618	0.72
TNFRSF25	TNFSF15	0.999	0.9529718456725755	0.549	0.9
TNFRSF4	TNFSF4	0.999	0.9874869655891554	0.96	0.7
TNFRSF6B	TNFSF14	0.997	0.9812304483837331	0.964	0.5
TNFRSF6B	TNFSF15	0.999	0.9791449426485923	0.96	0.5
TNFRSF9	TNFSF9	0.999	0.9821689259645464	0.943	0.7
TNFSF13	TNFSF13B	0.778	0.7785192909280501	0.292	0.7
TOLLIP	TRAF6	0.824	0.7168925964546402	0.457	0.5
TRADD	TRAF1	0.997	0.8867570385818561	0.457	0.8
TRADD	TRAF2	0.999	0.997080291970803	0.972	0.9
TRADD	TRAF3	0.998	0.9396246089676747	0.421	0.9
TRADD	TRAF5	0.998	0.9	0	0.9
TRAF1	TRAF2	0.998	0.9962460896767465	0.964	0.9
TRAF2	TRAF3	0.99	0.8921793534932221	0.483	0.8
TRAF2	TRAF5	0.998	0.9433785192909281	0.457	0.9
TRAF2	TRAF6	0.985	0.9488008342022941	0.509	0.9
TRAF3	TRAF5	0.997	0.9530761209593326	0.55	0.9
TRAF3	TRAF6	0.997	0.8	0	0.8
TRAF5	TRAF6	0.999	0.9958289885297185	0.96	0.9
TXN	TXN2	0.928	0.9286757038581857	0.316	0.9
TXN	TXNIP	0.999	0.9958289885297185	0.96	0.9
TXN2	TXNIP	0.998	0.9300312825860271	0.329	0.9
TXNIP	VAV2	0.946	0.946	0.946	0
VAV1	VAV2	0.9	0.9	0	0.9
XCL1	XCL2	0.908	0.9	0	0.9
YWHAE	YWHAZ	0.993	0.7997914494264858	0.616	0.5
