gene_symbol	disease_modules	mapping_status	string_id	string_preferred_name
ABCB1	RA	mapped	9606.ENSP00000478255	ABCB1
ABCC2	RA	mapped	9606.ENSP00000497274	ABCC2
ABCC3	RA	mapped	9606.ENSP00000285238	ABCC3
ABCC4	RA	mapped	9606.ENSP00000494609	ABCC4
ABCC5	RA	mapped	9606.ENSP00000333926	ABCC5
ABCC8	DM	mapped	9606.ENSP00000494321	ABCC8
ABCG2	RA	mapped	9606.ENSP00000498246	ABCG2
ACAN	RA	mapped	9606.ENSP00000387356	ACAN
ACE	DM	mapped	9606.ENSP00000290866	ACE
ACKR3	RA	mapped	9606.ENSP00000272928	ACKR3
ACP1	DM	mapped	9606.ENSP00000272067	ACP1
ADIPOQ	RA;DM	mapped	9606.ENSP00000389814	ADIPOQ
ADORA2A	RA	mapped	9606.ENSP00000480012	ADORA2A
ADRB1	DM	mapped	9606.ENSP00000358301	ADRB1
ADRB3	RA	mapped	9606.ENSP00000343782	ADRB3
AFF3	RA	mapped	9606.ENSP00000386834	AFF3
AGER	RA	mapped	9606.ENSP00000364210	AGER
AGTR1	DM	mapped	9606.ENSP00000398832	AGTR1
AHR	RA	mapped	9606.ENSP00000242057	AHR
ALOX5	RA	mapped	9606.ENSP00000363512	ALOX5
ALPK1	DM	mapped	9606.ENSP00000498374	ALPK1
ANKRD55	RA	mapped	9606.ENSP00000342295	ANKRD55
ANXA3	RA	mapped	9606.ENSP00000264908	ANXA3
AOC3	DM	mapped	9606.ENSP00000312326	AOC3
AP4B1-AS1	RA	unmapped		
APOE	DM	mapped	9606.ENSP00000252486	APOE
ARID5B	RA	mapped	9606.ENSP00000279873	ARID5B
ARMC9	DM	mapped	9606.ENSP00000484804	ARMC9
ASIP	DM	mapped	9606.ENSP00000454804	ASIP
ATIC	RA	mapped	9606.ENSP00000236959	ATIC
ATP6	DM	mapped	9606.ENSP00000354632	MT-ATP6
B3GNT2	RA	mapped	9606.ENSP00000305595	B3GNT2
B3GNT9	RA	mapped	9606.ENSP00000400157	B3GNT9
BAIAP2L1	RA	mapped	9606.ENSP00000005260	BAIAP2L1
BCL2A1	RA	mapped	9606.ENSP00000267953	BCL2A1
BDKRB2	RA	mapped	9606.ENSP00000450482	BDKRB2
BGLAP	RA	mapped	9606.ENSP00000357255	BGLAP
BGN	RA	mapped	9606.ENSP00000327336	BGN
BLK	RA	mapped	9606.ENSP00000259089	BLK
BMP4	RA	mapped	9606.ENSP00000245451	BMP4
BMP6	RA	mapped	9606.ENSP00000283147	BMP6
BTNL2	RA	mapped	9606.ENSP00000390613	BTNL2
C4B	RA	mapped	9606.ENSP00000415941	C4B
CA1	RA	mapped	9606.ENSP00000430656	CA1
CA2	RA	mapped	9606.ENSP00000285379	CA2
CALD1	RA	mapped	9606.ENSP00000354826	CALD1
CAPN10	DM	mapped	9606.ENSP00000375844	CAPN10
CAST	RA	mapped	9606.ENSP00000422176	CAST
CAT	RA;DM	mapped	9606.ENSP00000241052	CAT
CAV2	RA	mapped	9606.ENSP00000222693	CAV2
CCL21	RA	mapped	9606.ENSP00000259607	CCL21
CCN1	RA	mapped	9606.ENSP00000398736	CCN1
CCN2	RA	mapped	9606.ENSP00000356954	CCN2
CCR1	RA	mapped	9606.ENSP00000296140	CCR1
CCR5	RA	mapped	9606.ENSP00000292303	CCR5
CCR6	RA	mapped	9606.ENSP00000343952	CCR6
CD2	RA	mapped	9606.ENSP00000358490	CD2
CD244	RA	mapped	9606.ENSP00000357012	CD244
CD28	RA	mapped	9606.ENSP00000324890	CD28
CD3E	RA	mapped	9606.ENSP00000354566	CD3E
CD40	RA	mapped	9606.ENSP00000361359	CD40
CD5	RA	mapped	9606.ENSP00000342681	CD5
CD83	RA	mapped	9606.ENSP00000368450	CD83
CDK6	RA	mapped	9606.ENSP00000265734	CDK6
CDKAL1	DM	mapped	9606.ENSP00000274695	CDKAL1
CDKN2A	BC	mapped	9606.ENSP00000418915	CDKN2A
CHD4	BC	mapped	9606.ENSP00000440542	CHD4
CHRNG	RA	mapped	9606.ENSP00000498757	CHRNG
CIITA	RA	mapped	9606.ENSP00000485010	CIITA
CLEC12A	RA	mapped	9606.ENSP00000347916	CLEC12A
CLEC16A	RA	mapped	9606.ENSP00000387122	CLEC16A
COL2A1	RA	mapped	9606.ENSP00000369889	COL2A1
COXFA4L2	RA	mapped	9606.ENSP00000377411	NDUFA4L2
CP	RA;DM	mapped	9606.ENSP00000264613	CP
CPT1A	DM	mapped	9606.ENSP00000265641	CPT1A
CRP	RA	mapped	9606.ENSP00000255030	CRP
CRTC2	DM	mapped	9606.ENSP00000357622	CRTC2
CSF1R	DM	mapped	9606.ENSP00000286301	CSF1R
CSF2	RA	mapped	9606.ENSP00000296871	CSF2
CTLA4	RA	mapped	9606.ENSP00000497102	CTLA4
CTSB	DM	mapped	9606.ENSP00000345672	CTSB
CTSD	RA	mapped	9606.ENSP00000236671	CTSD
CXCL2	RA	mapped	9606.ENSP00000427279	CXCL2
CXCL6	RA	mapped	9606.ENSP00000226317	CXCL6
CXCR4	RA	mapped	9606.ENSP00000386884	CXCR4
CYBB	RA;DM	mapped	9606.ENSP00000367851	CYBB
CYP11B2	DM	mapped	9606.ENSP00000325822	CYP11B2
CYP1A1	DM	mapped	9606.ENSP00000378488	CYP1A1
CYP2C19	DM	mapped	9606.ENSP00000360372	CYP2C19
CYP2C9	DM	mapped	9606.ENSP00000260682	CYP2C9
CYP3A4	DM	mapped	9606.ENSP00000498939	CYP3A4
CYP3A5	DM	mapped	9606.ENSP00000222982	CYP3A5
DDIT4	RA	mapped	9606.ENSP00000307305	DDIT4
DDX6	RA	mapped	9606.ENSP00000478754	DDX6
DHFR	RA	mapped	9606.ENSP00000396308	DHFR
DNASE1L3	RA	mapped	9606.ENSP00000378053	DNASE1L3
DNMT3B	RA	mapped	9606.ENSP00000328547	DNMT3B
EDN1	RA	mapped	9606.ENSP00000368683	EDN1
EGFR	BC	mapped	9606.ENSP00000275493	EGFR
EIF2S3	DM	mapped	9606.ENSP00000253039	EIF2S3
ELN	RA	mapped	9606.ENSP00000351807	ELN
ENO1	RA	mapped	9606.ENSP00000495530	ENO1
ESR2	RA	mapped	9606.ENSP00000343925	ESR2
F2	RA	mapped	9606.ENSP00000308541	F2
FAS	RA	mapped	9606.ENSP00000498466	FAS
FASLG	RA	mapped	9606.ENSP00000356694	FASLG
FCGR2A	RA	mapped	9606.ENSP00000271450	FCGR2A
FCGR3A	RA	mapped	9606.ENSP00000356946	FCGR3A
FKBP5	RA	mapped	9606.ENSP00000444810	FKBP5
FN1	DM	mapped	9606.ENSP00000346839	FN1
FOXP3	RA	mapped	9606.ENSP00000365380	FOXP3
FPGS	RA	mapped	9606.ENSP00000362344	FPGS
G6PD	DM	mapped	9606.ENSP00000377192	G6PD
GART	RA	mapped	9606.ENSP00000371253	GART
GATA3	RA	mapped	9606.ENSP00000368632	GATA3
GC	RA	mapped	9606.ENSP00000421725	GC
GCK	DM	mapped	9606.ENSP00000223366	GCK
GDF5	RA	mapped	9606.ENSP00000363492	GDF5
GGH	RA	mapped	9606.ENSP00000260118	GGH
GIN1	RA	mapped	9606.ENSP00000381970	GIN1
GIPR	DM	mapped	9606.ENSP00000467494	GIPR
GNAS	BC	mapped	9606.ENSP00000360141	GNAS
GNB3	DM	mapped	9606.ENSP00000229264	GNB3
GPRC5A	RA	mapped	9606.ENSP00000014914	GPRC5A
GRK2	RA	mapped	9606.ENSP00000312262	GRK2
GRK6	RA	mapped	9606.ENSP00000347655	GRK6
GSDME	RA	mapped	9606.ENSP00000339587	GSDME
GSTM1	RA;DM	mapped	9606.ENSP00000311469	GSTM1
GSTT1	RA;DM	unmapped		
HAPLN1	RA	mapped	9606.ENSP00000274341	HAPLN1
HCLS1	RA	mapped	9606.ENSP00000320176	HCLS1
HDAC1	RA	mapped	9606.ENSP00000362649	HDAC1
HFE	RA;DM	mapped	9606.ENSP00000417404	HFE
HLA-DPB1	RA	mapped	9606.ENSP00000408146	HLA-DPB1
HLA-DQA1	RA	mapped	9606.ENSP00000339398	HLA-DQA1
HLA-DQB1	RA	mapped	9606.ENSP00000364080	HLA-DQB1
HLA-DRB1	RA	mapped	9606.ENSP00000353099	HLA-DRB1
HMGCR	DM	mapped	9606.ENSP00000287936	HMGCR
HNF1A	DM	mapped	9606.ENSP00000438804	HNF1A
HNF1B	DM	mapped	9606.ENSP00000480291	HNF1B
HOXD10	RA	mapped	9606.ENSP00000249501	HOXD10
HOXD11	RA	mapped	9606.ENSP00000249504	HOXD11
HOXD13	RA	mapped	9606.ENSP00000376322	HOXD13
HSD11B1	RA	mapped	9606.ENSP00000355995	HSD11B1
IFNG	RA	mapped	9606.ENSP00000229135	IFNG
IGF2	RA	mapped	9606.ENSP00000391826	IGF2
IGFBP3	RA	mapped	9606.ENSP00000370473	IGFBP3
IKZF3	RA	mapped	9606.ENSP00000344544	IKZF3
IL10	RA	mapped	9606.ENSP00000412237	IL10
IL17A	RA	mapped	9606.ENSP00000497968	IL17A
IL18	RA	mapped	9606.ENSP00000280357	IL18
IL19	RA	mapped	9606.ENSP00000499459	IL19
IL1A	RA	mapped	9606.ENSP00000263339	IL1A
IL1B	RA	mapped	9606.ENSP00000263341	IL1B
IL1RN	RA	mapped	9606.ENSP00000259206	IL1RN
IL2	RA	mapped	9606.ENSP00000226730	IL2
IL23A	RA	mapped	9606.ENSP00000228534	IL23A
IL23R	RA	mapped	9606.ENSP00000321345	IL23R
IL2RA	RA	mapped	9606.ENSP00000369293	IL2RA
IL2RB	RA	mapped	9606.ENSP00000216223	IL2RB
IL3	RA	mapped	9606.ENSP00000296870	IL3
IL4R	RA	mapped	9606.ENSP00000379111	IL4R
IL6	RA;DM	mapped	9606.ENSP00000385675	IL6
IL6R	RA	mapped	9606.ENSP00000357470	IL6R
IL6ST	BC;RA	mapped	9606.ENSP00000370698	IL6ST
INS	DM	mapped	9606.ENSP00000380432	INS
INS-IGF2	DM	mapped	9606.ENSP00000380440	INS-IGF2
INSR	DM	mapped	9606.ENSP00000303830	INSR
IRAK1	RA	mapped	9606.ENSP00000358997	IRAK1
IRF5	RA	mapped	9606.ENSP00000418037	IRF5
IRF8	RA	mapped	9606.ENSP00000268638	IRF8
IRS1	DM	mapped	9606.ENSP00000304895	IRS1
ITGA2	DM	mapped	9606.ENSP00000296585	ITGA2
ITGA6	RA	mapped	9606.ENSP00000386896	ITGA6
ITPA	RA	mapped	9606.ENSP00000369456	ITPA
KCNJ1	DM	mapped	9606.ENSP00000376432	KCNJ1
KCNJ11	DM	mapped	9606.ENSP00000345708	KCNJ11
KCNQ1	DM	mapped	9606.ENSP00000155840	KCNQ1
KIF1A	DM	mapped	9606.ENSP00000438388	KIF1A
KIF5A	RA	mapped	9606.ENSP00000408979	KIF5A
KIF5B	DM	mapped	9606.ENSP00000307078	KIF5B
KLF11	DM	mapped	9606.ENSP00000307023	KLF11
KSR2	DM	mapped	9606.ENSP00000389715	KSR2
LCN2	RA	mapped	9606.ENSP00000362108	LCN2
LEP	DM	mapped	9606.ENSP00000312652	LEP
LEPR	DM	mapped	9606.ENSP00000330393	LEPR
LHX2	RA	mapped	9606.ENSP00000362717	LHX2
LOC128462409	RA	unmapped		
LY96	RA	mapped	9606.ENSP00000284818	LY96
MAB21L2	RA	mapped	9606.ENSP00000324701	MAB21L2
MAP3K5	DM	mapped	9606.ENSP00000351908	MAP3K5
MARCKS	RA	mapped	9606.ENSP00000478061	MARCKS
MBD4	RA	mapped	9606.ENSP00000249910	MBD4
MEN1	DM	mapped	9606.ENSP00000337088	MEN1
MGARP	RA	mapped	9606.ENSP00000381928	MGARP
MIF	RA	mapped	9606.ENSP00000215754	MIF
MMEL1	RA	mapped	9606.ENSP00000367668	MMEL1
MMP10	RA	mapped	9606.ENSP00000279441	MMP10
MMP12	RA	mapped	9606.ENSP00000458585	MMP12
MMP2	RA	mapped	9606.ENSP00000219070	MMP2
MPO	RA	mapped	9606.ENSP00000225275	MPO
MSH2	BC	mapped	9606.ENSP00000233146	MSH2
MSH6	BC	mapped	9606.ENSP00000234420	MSH6
MT2A	DM	mapped	9606.ENSP00000245185	MT2A
MTCP1	BC	mapped	9606.ENSP00000358488	MTCP1
MTHFR	RA	mapped	9606.ENSP00000365770	MTHFR
MTR	RA	mapped	9606.ENSP00000355536	MTR
NAT2	DM	mapped	9606.ENSP00000286479	NAT2
NCF1	RA;DM	mapped	9606.ENSP00000289473	NCF1
NCF2	RA	mapped	9606.ENSP00000356505	NCF2
NCF4	RA	mapped	9606.ENSP00000380334	NCF4
ND1	RA	mapped	9606.ENSP00000354687	MT-ND1
ND4L	DM	mapped	9606.ENSP00000354728	MT-ND4L
NFKBIE	RA	mapped	9606.ENSP00000275015	NFKBIE
NFKBIL1	RA	mapped	9606.ENSP00000365318	NFKBIL1
NPSR1	RA	mapped	9606.ENSP00000370950	NPSR1
NR1I2	DM	mapped	9606.ENSP00000336528	NR1I2
NR1I3	DM	mapped	9606.ENSP00000356959	NR1I3
NR4A3	RA	mapped	9606.ENSP00000482027	NR4A3
OPRM1	RA	mapped	9606.ENSP00000394624	OPRM1
PADI2	RA	mapped	9606.ENSP00000364635	PADI2
PADI4	RA	mapped	9606.ENSP00000364597	PADI4
PAX6	DM	mapped	9606.ENSP00000492024	PAX6
PLAUR	RA	mapped	9606.ENSP00000339328	PLAUR
PLB1	RA	mapped	9606.ENSP00000330442	PLB1
PLD4	RA	mapped	9606.ENSP00000438677	PLD4
PLEK	RA	mapped	9606.ENSP00000234313	PLEK
PLEKHH2	DM	mapped	9606.ENSP00000282406	PLEKHH2
PMM2	DM	mapped	9606.ENSP00000268261	PMM2
POMC	DM	mapped	9606.ENSP00000384092	POMC
PON1	RA;DM	mapped	9606.ENSP00000222381	PON1
POR	DM	mapped	9606.ENSP00000419970	POR
POU3F1	RA	mapped	9606.ENSP00000362103	POU3F1
PPARA	DM	mapped	9606.ENSP00000385523	PPARA
PPARG	DM	mapped	9606.ENSP00000287820	PPARG
PRDM1	RA	mapped	9606.ENSP00000358092	PRDM1
PRKCQ	RA	mapped	9606.ENSP00000263125	PRKCQ
PTGS1	RA	mapped	9606.ENSP00000354612	PTGS1
PTGS2	RA;DM	mapped	9606.ENSP00000356438	PTGS2
PTK2	RA	mapped	9606.ENSP00000341189	PTK2
PTPN2	RA	mapped	9606.ENSP00000311857	PTPN2
PTPN22	RA;DM	mapped	9606.ENSP00000352833	PTPN22
PTPRC	RA	mapped	9606.ENSP00000411355	PTPRC
PTPRD	DM	mapped	9606.ENSP00000370593	PTPRD
PXK	RA	mapped	9606.ENSP00000348472	PXK
RAB8A	RA	mapped	9606.ENSP00000300935	RAB8A
RAC1	DM	mapped	9606.ENSP00000348461	RAC1
RAP2A	RA	mapped	9606.ENSP00000245304	RAP2A
RASGRP1	RA	mapped	9606.ENSP00000310244	RASGRP1
RBPJ	RA	mapped	9606.ENSP00000345206	RBPJ
RCAN1	RA	mapped	9606.ENSP00000370527	RCAN1
REL	RA	mapped	9606.ENSP00000295025	REL
RFX6	DM	mapped	9606.ENSP00000332208	RFX6
RGMB	RA	mapped	9606.ENSP00000308219	RGMB
RUNX1	BC;RA	mapped	9606.ENSP00000300305	RUNX1
RUNX2	RA	mapped	9606.ENSP00000360493	RUNX2
SIRT1	DM	mapped	9606.ENSP00000212015	SIRT1
SLC11A1	RA	mapped	9606.ENSP00000233202	SLC11A1
SLC19A1	RA	mapped	9606.ENSP00000308895	SLC19A1
SLC19A2	DM	mapped	9606.ENSP00000236137	SLC19A2
SLC22A4	RA	mapped	9606.ENSP00000200652	SLC22A4
SLC25A12	RA	mapped	9606.ENSP00000388658	SLC25A12
SLC30A8	DM	mapped	9606.ENSP00000415011	SLC30A8
SMS	RA	mapped	9606.ENSP00000385746	SMS
SOCS1	RA	mapped	9606.ENSP00000496577	SOCS1
SOD1	DM	mapped	9606.ENSP00000270142	SOD1
SOD2	RA	mapped	9606.ENSP00000446252	SOD2
SOD3	DM	mapped	9606.ENSP00000371554	SOD3
SPINK1	DM	mapped	9606.ENSP00000296695	SPINK1
SPP1	RA	mapped	9606.ENSP00000378517	SPP1
SPRED2	RA	mapped	9606.ENSP00000348753	SPRED2
ST6GALNAC5	RA	mapped	9606.ENSP00000417583	ST6GALNAC5
STAT1	RA	mapped	9606.ENSP00000354394	STAT1
STAT3	RA	mapped	9606.ENSP00000264657	STAT3
STAT4	RA	mapped	9606.ENSP00000351255	STAT4
STS	RA	mapped	9606.ENSP00000217961	STS
SUPT20H	RA	mapped	9606.ENSP00000417510	SUPT20H
TAGAP	RA	mapped	9606.ENSP00000356033	TAGAP
TAL1	BC	mapped	9606.ENSP00000294339	TAL1
TAP2	RA	mapped	9606.ENSP00000364032	TAP2
TCF7L2	DM	mapped	9606.ENSP00000486891	TCF7L2
TFPI2	RA	mapped	9606.ENSP00000222543	TFPI2
THBD	RA	mapped	9606.ENSP00000366307	THBD
THBS2	DM	mapped	9606.ENSP00000355751	THBS2
TLE3	RA	mapped	9606.ENSP00000452871	TLE3
TLR1	RA	mapped	9606.ENSP00000354932	TLR1
TLR2	RA	mapped	9606.ENSP00000260010	TLR2
TLR4	DM	mapped	9606.ENSP00000363089	TLR4
TMPO	RA	mapped	9606.ENSP00000266732	TMPO
TNF	RA	mapped	9606.ENSP00000398698	TNF
TNFAIP2	RA	mapped	9606.ENSP00000452634	TNFAIP2
TNFAIP3	RA	mapped	9606.ENSP00000481570	TNFAIP3
TNFRSF11B	RA	mapped	9606.ENSP00000297350	TNFRSF11B
TNFRSF14	RA	mapped	9606.ENSP00000347948	TNFRSF14
TNFRSF1A	RA	mapped	9606.ENSP00000162749	TNFRSF1A
TNFSF14	RA	mapped	9606.ENSP00000469049	TNFSF14
TRAF1	RA	mapped	9606.ENSP00000362994	TRAF1
TRAF6	RA	mapped	9606.ENSP00000433623	TRAF6
TXNDC5	RA	mapped	9606.ENSP00000369081	TXNDC5
TXNIP	RA	mapped	9606.ENSP00000462521	TXNIP
TYK2	RA	mapped	9606.ENSP00000431885	TYK2
TYMS	RA	mapped	9606.ENSP00000315644	TYMS
UCP3	DM	mapped	9606.ENSP00000323740	UCP3
VDR	RA	mapped	9606.ENSP00000228606	CYP27B1
VEGFA	RA	mapped	9606.ENSP00000352798	COL18A1
VIM	RA	mapped	9606.ENSP00000446007	VIM
WFS1	DM	mapped	9606.ENSP00000226760	WFS1
ZBTB20	DM	mapped	9606.ENSP00000419153	ZBTB20
ZFP57	DM	mapped	9606.ENSP00000418259	ZFP57
